"hexagram_id","name","chinese","pinyin","binary","category","action","coder_specialty","rs3_actionable","primary_tool","archetype","upper_trigram","lower_trigram","inversion_pair_id","opposition_pair","pov_contrast"
"1","The Creative","乾","qián","111111","sovereign","ASSERT","Research","attack","codegen","Generative AI Architect — creates new models and paradigms; RS3:attack","Qian","Qian","","false",""
"2","The Receptive","坤","kūn","000000","boundary","YIELD","Security/Red-Team","interact","codegen","Skeptical Auditor — says wait this isn't right; RS3:interact","Kun","Kun","","false",""
"3","Difficulty at the Beginning","屯","zhūn","010001","dissipator","ADAPT","HTML/Web","traverse","codegen","Cold-Start Bootloader Engineer; RS3:traverse","Zhen","Kan","","false",""
"4","Youthful Folly","蒙","méng","100010","transformer","WAIT","Education/Robotics","harvest","codegen","ML Education Path Tracer — patience before mastery; RS3:harvest","Kan","Gen","","false",""
"5","Waiting","需","xū","010111","dissipator","WAIT","Game/Time Systems","craft","codegen","Queue/Timeout Modeler — waits for right conditions; RS3:craft","Xu","Qian","adv_05_06","true","Waiting (patience/timing) vs Conflict (adversarial assertion) — same structure, opposite temporal stance"
"6","Conflict","訟","sòng","011001","transformer","ASSERT","Analytics/Security","bank","codegen","Adversarial Benchmarker — asserts through conflict testing; RS3:bank","Qian","Kan","adv_05_06","true","Waiting (patience/timing) vs Conflict (adversarial assertion) — same structure, opposite temporal stance"
"7","The Army","師","shī","111001","sovereign","YIELD","Orchestration/Swarm","equip","codegen","Discipline/Orchestration Skeptic — verifies swarm alignment; RS3:equip","Kan","Qian","","false",""
"8","Holding Together","比","bǐ","000111","boundary","ADAPT","Community/DevRel","cast","codegen","Community Federation Debater; RS3:cast","Kun","Qian","","false",""
"9","Taming Power of the Small","小畜","xiǎo chù","111011","dissipator","ADAPT","Security/Edge","dialogue","codegen","Edge/TinyML Adversarial Tester; RS3:dialogue","Qian","Xun","","false",""
"10","Treading","履","lǚ","001111","sovereign","YIELD","Protocol/Database","forensics","codegen","Protocol Contract Skeptic; RS3:forensics","Kun","Qian","","false",""
"11","Peace","泰","tài","000011","transformer","YIELD","Networking/Systems","attack","codegen","Distributed Consensus Verifier — audits flow; RS3:attack","Kun","Zhen","adv_11_12","true","Peace (harmony/flow) vs Standstill (stagnation/deadlock) — complementary vs blocked states"
"12","Standstill","否","pǐ","100000","boundary","WAIT","DevOps/Compatibility","interact","codegen","Legacy Compatibility Observer; RS3:interact","Gen","Kun","adv_11_12","true","Peace (harmony/flow) vs Standstill (stagnation/deadlock) — complementary vs blocked states"
"13","Fellowship with Men","同人","tóng rén","011101","transformer","ASSERT","Research/OSS","traverse","codegen","Open Source Collaborative Creator; RS3:traverse","Qian","Li","","false",""
"14","Possession in Great Measure","大有","dà yǒu","111101","sovereign","YIELD","Data/Dev","harvest","codegen","Data Provenance Auditor — yields but verifies source; RS3:harvest","Li","Qian","","false",""
"15","Modesty","謙","qiān","000101","boundary","YIELD","Frontend/HTML","craft","codegen","Clean-Code Debt Skeptic; RS3:craft","Kun","Gen","","false",""
"16","Enthusiasm","豫","yù","001000","dissipator","ADAPT","Testing/Robotics","bank","codegen","Simulation/Rehearsal Debater; RS3:bank","Zhen","Gen","","false",""
"17","Following","隨","suí","011000","transformer","YIELD","Games/Agents","equip","codegen","Auto-Upgrade Verifier — checks rollback; RS3:equip","Zhen","Qian","","false",""
"18","Work on Decayed","蠱","gǔ","110001","dissipator","ADAPT","Analytics/Refactor","cast","codegen","Legacy Modernization Debater; RS3:cast","Gen","Xun","","false",""
"19","Approach","臨","lín","101001","transformer","ASSERT","Blueprinting/Design","dialogue","codegen","Spec-First Creator — asserts design before build; RS3:dialogue","Kun","Zhen","adv_19_20","true","Approach (advancing/spec-first) vs Contemplation (withdrawing/observability) — action vs audit"
"20","Contemplation","觀","guān","011110","boundary","YIELD","Scribe/Observability","forensics","codegen","Observability/Telemetry Auditor; RS3:forensics","Li","Xun","adv_19_20","true","Approach (advancing/spec-first) vs Contemplation (withdrawing/observability) — action vs audit"
"21","Biting Through","噬嗑","shì kè","111000","transformer","ASSERT","Security/Formal","attack","codegen","Static Analysis Formalist — bites through with proof; RS3:attack","Zhen","Li","adv_21_22","true","Biting Through (aggressive penetration/formal proof) vs Grace (refinement/aesthetics) — force vs polish"
"22","Grace","賛","zàn","000011","boundary","YIELD","Database/UX","interact","codegen","Schema/UX Skeptic — verifies access; RS3:interact","Li","Kun","adv_21_22","true","Biting Through (aggressive penetration/formal proof) vs Grace (refinement/aesthetics) — force vs polish"
"23","Splitting Apart","剝","bō","100010","dissipator","ADAPT","Networking/Plugins","traverse","codegen","Boundary/Plugin Debater; RS3:traverse","Gen","Li","adv_23_24","true","Splitting Apart (breakdown/isolation) vs Return (recovery/restoration) — decay vs renewal"
"24","Return","復","fù","100011","transformer","YIELD","DevOps/Resilience","harvest","codegen","Disaster Recovery Verifier — checks integrity; RS3:harvest","Zhen","Kan","adv_23_24","true","Splitting Apart (breakdown/isolation) vs Return (recovery/restoration) — decay vs renewal"
"25","Innocence","無妄","wú wàng","000001","sovereign","ASSERT","Research/Baselines","craft","codegen","Pure Ablation Creator — generative baseline; RS3:craft","Qian","Gen","adv_25_26","true","Innocence (pure action/no-filter) vs Taming Power of the Great (restraint/constraint) — unleash vs bound"
"26","Taming Power of the Great","大畜","dà chù","100011","boundary","ADAPT","Dev/Constraints","bank","codegen","Quota/Constraint Debater; RS3:bank","Gen","Xun","adv_25_26","true","Innocence (pure action/no-filter) vs Taming Power of the Great (restraint/constraint) — unleash vs bound"
"27","Corners of the Mouth","頤","yí","011011","transformer","YIELD","HTML/Data Pipelines","equip","codegen","Data Pipeline Auditor — verifies nourishment; RS3:equip","Zhen","Xun","","false",""
"28","Preponderance of the Great","大過","dà guò","110000","dissipator","ADAPT","Robotics/Systems","cast","codegen","Overload/Burst Debater; RS3:cast","Xun","Qian","","false",""
"29","The Abysmal","坎","kǎn","010010","dissipator","WAIT","Generative/Uncertainty","dialogue","codegen","Diffusion/VAE Uncertainty Modeler; RS3:dialogue","Kan","Kan","","false",""
"30","The Clinging","離","lí","011101","transformer","ASSERT","Analytics/Attention","forensics","codegen","Attention/Transformer Assertist; RS3:forensics","Li","Li","","false",""
"31","Influence","咸","xián","011011","transformer","YIELD","Recommendation/Blueprinting","attack","codegen","Recommendation Rank Skeptic — verifies bias; RS3:attack","Zhen","Xun","","false",""
"32","Duration","恒","héng","110111","boundary","WAIT","Scribe/Daemons","interact","codegen","Long-Run Daemon Observer; RS3:interact","Li","Zhen","","false",""
"33","Retreat","遯","dùn","100101","boundary","YIELD","Security/Compatibility","traverse","codegen","Deprecation/Sunset Verifier — checks compat; RS3:traverse","Gen","Kun","adv_33_34","true","Retreat (withdrawal/deprecation) vs Power of the Great (full assertion/scale) — yield vs dominate"
"34","Power of the Great","大壯","dà zhuàng","100111","sovereign","ASSERT","Database/Scale","harvest","codegen","Large-Scale Training Creator; RS3:harvest","Qian","Gen","adv_33_34","true","Retreat (withdrawal/deprecation) vs Power of the Great (full assertion/scale) — yield vs dominate"
"35","Progress","晉","jìn","101011","transformer","ADAPT","Networking/Sweeps","craft","codegen","Sweep/Experiment Debater; RS3:craft","Li","Xun","adv_35_36","true","Progress (advancement/iteration) vs Darkening of the Light (concealment/hidden) — expose vs obscure"
"36","Darkening of the Light","明夷","míng yí","110100","dissipator","WAIT","DevOps/Private Systems","bank","codegen","Internal/Private API Observer; RS3:bank","Xun","Kan","adv_35_36","true","Progress (advancement/iteration) vs Darkening of the Light (concealment/hidden) — expose vs obscure"
"37","The Family","家人","jiā rén","110101","transformer","YIELD","Research/Teams","equip","codegen","Governance/Review Auditor; RS3:equip","Xun","Li","adv_37_38","true","The Family (order/hierarchy) vs Opposition (conflict/divergence) — unity vs fracture"
"38","Opposition","睽","kuí","110011","dissipator","ADAPT","Dev/Policy","cast","codegen","Policy/Tradeoff Debater — opposition specialist; RS3:cast","Li","Zhen","adv_37_38","true","The Family (order/hierarchy) vs Opposition (conflict/divergence) — unity vs fracture"
"39","Obstruction","蹇","jiǎn","010011","dissipator","WAIT","HTML/Errors","dialogue","codegen","Error/Timeout Modeler — waits through blockage; RS3:dialogue","Kan","Xun","adv_39_40","true","Obstruction (blockage/timeout) vs Deliverance (release/ship) — stuck vs flowing"
"40","Deliverance","解","xiè","010001","transformer","ADAPT","Robotics/Release","forensics","codegen","Release/Package Auditor — audits before ship; RS3:forensics","Zhen","Kan","adv_39_40","true","Obstruction (blockage/timeout) vs Deliverance (release/ship) — stuck vs flowing"
"41","Decrease","損","sǔn","100001","transformer","YIELD","Games/Compression","attack","codegen","Compression Skeptic — verifies fidelity; RS3:attack","Gen","Qian","","false",""
"42","Increase","益","yì","000000","transformer","ASSERT","Analytics/Expansion","interact","codegen","Feature/Expansion Creator; RS3:interact","Kun","Kun","","false",""
"43","Breakthrough","夬","guài","111011","sovereign","ASSERT","Blueprinting/Frontier","traverse","codegen","Frontier Research Creator — SOTA novelty; RS3:traverse","Qian","Xun","","false",""
"44","Coming to Meet","姤","gòu","011100","boundary","YIELD","Scribe/Integration","harvest","codegen","Adapter/Integration Verifier; RS3:harvest","Xun","Li","","false",""
"45","Gathering Together","萃","cuì","100110","transformer","YIELD","Security/Data","craft","codegen","Corpus/Dataset Auditor — verifies provenance; RS3:craft","Gen","Xun","","false",""
"46","Pushing Upward","升","shēng","101110","transformer","ADAPT","Database/Migration","bank","codegen","Migration/Upgrade Debater; RS3:bank","Li","Xun","","false",""
"47","Oppression","困","kùn","110110","dissipator","WAIT","Networking/Resources","equip","codegen","Resource Exhaustion Observer; RS3:equip","Xun","Xun","adv_47_48","true","Oppression (pressure/exhaustion) vs The Well (source/foundation) — depleted vs centered"
"48","The Well","井","jǐng","101000","boundary","YIELD","DevOps/Core Libs","cast","codegen","Core Library Auditor — verifies primitives; RS3:cast","Xun","Kan","adv_47_48","true","Oppression (pressure/exhaustion) vs The Well (source/foundation) — depleted vs centered"
"49","Revolution","革","gé","101101","transformer","ASSERT","Research/Refactor","dialogue","codegen","Refactoring Tool Creator; RS3:dialogue","Li","Gen","","false",""
"50","The Cauldron","鼎","dǐng","101100","sovereign","YIELD","Dev/Fusion","forensics","codegen","Model Fusion Auditor — verifies blend; RS3:forensics","Li","Xun","","false",""
"51","The Arousing","震","zhèn","101001","sovereign","ASSERT","HTML/Bootstrap","attack","codegen","Bootstrap Framework Creator; RS3:attack","Kan","Zhen","adv_51_52","true","The Arousing (sudden activation) vs Keeping Still (freeze/pause) — start vs halt"
"52","Keeping Still","艮","gèn","001010","boundary","WAIT","Robotics/Testing","interact","codegen","Deterministic Test Observer; RS3:interact","Gen","Kan","adv_51_52","true","The Arousing (sudden activation) vs Keeping Still (freeze/pause) — start vs halt"
"53","Development","漸","jiàn","011100","transformer","ADAPT","Games/Training","traverse","codegen","Iterative Trainer Debater; RS3:traverse","Xun","Li","","false",""
"54","The Marrying Maiden","歸妹","guī mèi","101011","dissipator","YIELD","Analytics/Plugins","harvest","codegen","Plugin/Extension Verifier; RS3:harvest","Li","Xun","","false",""
"55","Abundance","豐","fēng","111000","sovereign","ASSERT","Blueprinting/Scale","craft","codegen","High-Capacity Model Creator; RS3:craft","Zhen","Li","","false",""
"56","The Wanderer","旅","lǚ","001100","dissipator","ADAPT","Scribe/Edge","bank","codegen","Portable Runtime Debater; RS3:bank","Li","Xun","","false",""
"57","The Gentle","巽","xùn","110110","boundary","YIELD","Security/Style","equip","codegen","Subtle Steering Auditor — verifies style injection; RS3:equip","Xun","Xun","","false",""
"58","The Joyous","兌","duì","011010","transformer","YIELD","Database/Demos","cast","codegen","Interactive Playground Auditor — verifies fidelity; RS3:cast","Xun","Zhen","","false",""
"59","Dispersion","渙","huàn","011001","dissipator","ADAPT","Networking/Fanout","dialogue","codegen","Fanout/Broadcast Debater; RS3:dialogue","Li","Kan","","false",""
"60","Limitation","節","jié","010010","boundary","WAIT","DevOps/Budget","forensics","codegen","Quota/Budget Guard Observer; RS3:forensics","Kan","Kan","","false",""
"61","Inner Truth","中孚","zhōng fú","011111","transformer","ASSERT","Research/Verification","attack","codegen","Ground Truth Validator; RS3:attack","Xun","Zhen","","false",""
"62","Preponderance of the Small","小過","xiǎo guò","001001","dissipator","WAIT","Dev/IoT","interact","codegen","TinyML/IoT Observer; RS3:interact","Zhen","Gen","","false",""
"63","After Completion","既濟","jì jì","101011","boundary","YIELD","HTML/QA","traverse","codegen","QA/RC Stabilization Auditor — verifies polish; RS3:traverse","Li","Xun","adv_63_64","true","After Completion (polish/QA) vs Before Completion (WIP/experimental) — final vs draft"
"64","Before Completion","未濟","wèi jì","010100","transformer","ADAPT","Robotics/WIP","harvest","codegen","Experimental/WIP Debater; RS3:harvest","Kan","Xun","adv_63_64","true","After Completion (polish/QA) vs Before Completion (WIP/experimental) — final vs draft"
