hexagram_id,phase_bits,phase_temporal,porosity,porosity_norm,chaos,whimsy,darkTone,coherence,voiceWeight,young_yin,old_yin,stable_yin,new_yao,old_yao,stable_yao,old_yang,new_yang,stable_yang,emotional_input
1,0,past,1,0.25,0.0463335387849166,0.12089399785591076,0.05544809978843056,0.9870438669242567,0.9450798238638214,0,0,0,0,0,0,6,0,0,50
1,1,present,1,0.25,0.08633353878491659,0.20089399785591078,0.005448099788430555,0.9670438669242567,0.9650798238638214,0,0,0,0,0,2,0,0,4,50
1,2,future,1,0.25,0.0663335387849166,0.21089399785591076,0.005448099788430555,0.9770438669242567,0.9750798238638214,0,0,0,2,0,0,0,4,0,50
1,3,transition,1,0.25,0.0963335387849166,0.17089399785591075,0.025448099788430555,0.9570438669242567,0.9550798238638214,0,0,0,4,0,0,0,2,0,50
1,4,resolution,1,0.25,0.0163335387849166,0.10089399785591076,0.0,1.0,0.9850798238638214,0,0,0,0,2,0,0,4,0,50
1,5,dissolution,1,0.25,0.1063335387849166,0.16089399785591077,0.05544809978843056,0.9470438669242567,0.9350798238638214,0,0,0,0,4,0,0,2,0,50
1,6,crystallization,1,0.25,0.026333538784916597,0.11089399785591077,0.0,1.0,0.9950798238638214,0,0,0,0,0,4,0,2,0,50
1,7,void,1,0.25,0.0463335387849166,0.12089399785591076,0.005448099788430555,0.9770438669242567,0.9550798238638214,0,0,0,0,6,0,0,0,0,50
2,0,past,1,0.25,0.0463335387849166,0.08267962931316432,0.09366246833117703,0.9641152457986089,0.8686510867783285,0,6,0,0,0,0,0,0,0,50
2,1,present,1,0.25,0.08633353878491659,0.16267962931316432,0.04366246833117702,0.9441152457986088,0.8886510867783285,0,0,4,0,0,2,0,0,0,50
2,2,future,1,0.25,0.0663335387849166,0.17267962931316433,0.04366246833117702,0.9541152457986088,0.8986510867783285,4,0,0,2,0,0,0,0,0,50
2,3,transition,1,0.25,0.0963335387849166,0.13267962931316432,0.06366246833117702,0.9341152457986088,0.8786510867783285,2,0,0,4,0,0,0,0,0,50
2,4,resolution,1,0.25,0.0163335387849166,0.06267962931316431,0.02366246833117702,1.0,0.9086510867783285,4,0,0,0,2,0,0,0,0,50
2,5,dissolution,1,0.25,0.1063335387849166,0.12267962931316431,0.09366246833117703,0.9241152457986088,0.8586510867783285,2,0,0,0,4,0,0,0,0,50
2,6,crystallization,1,0.25,0.026333538784916597,0.07267962931316432,0.03366246833117702,0.9941152457986089,0.9186510867783285,2,0,0,0,0,4,0,0,0,50
2,7,void,1,0.25,0.0463335387849166,0.08267962931316432,0.04366246833117702,0.9541152457986088,0.8786510867783285,0,0,0,0,6,0,0,0,0,50
3,0,past,3,0.75,0.3697460077544809,0.6439404120347078,0.26208822118428526,0.603960545784425,0.6624892080982799,0,4,0,0,0,0,2,0,0,50
3,1,present,3,0.75,0.4097460077544809,0.7239404120347077,0.21208822118428527,0.583960545784425,0.68248920809828,0,0,2,0,0,2,0,0,2,50
3,2,future,3,0.75,0.3897460077544809,0.7339404120347077,0.21208822118428527,0.593960545784425,0.69248920809828,3,0,0,2,0,0,0,1,0,50
3,3,transition,3,0.75,0.4197460077544809,0.6939404120347078,0.23208822118428526,0.573960545784425,0.67248920809828,1,0,0,4,0,0,0,1,0,50
3,4,resolution,3,0.75,0.33974600775448094,0.6239404120347077,0.19208822118428528,0.6439605457844251,0.70248920809828,3,0,0,0,2,0,0,1,0,50
3,5,dissolution,3,0.75,0.4297460077544809,0.6839404120347078,0.26208822118428526,0.563960545784425,0.6524892080982799,1,0,0,0,4,0,0,1,0,50
3,6,crystallization,3,0.75,0.3497460077544809,0.6339404120347077,0.20208822118428527,0.6339605457844251,0.71248920809828,2,0,0,0,0,4,0,0,0,50
3,7,void,3,0.75,0.3697460077544809,0.6439404120347078,0.21208822118428527,0.593960545784425,0.67248920809828,0,0,0,0,6,0,0,0,0,50
4,0,past,2,0.5,0.326272671409992,0.6264937688628295,0.20314204611216258,0.6369846794753046,0.6814189720741897,0,4,0,0,0,0,2,0,0,50
4,1,present,2,0.5,0.366272671409992,0.7064937688628294,0.15314204611216256,0.6169846794753046,0.7014189720741897,0,0,3,0,0,2,0,0,1,50
4,2,future,2,0.5,0.346272671409992,0.7164937688628294,0.15314204611216256,0.6269846794753046,0.7114189720741897,3,0,0,2,0,0,0,1,0,50
4,3,transition,2,0.5,0.376272671409992,0.6764937688628295,0.17314204611216255,0.6069846794753045,0.6914189720741897,2,0,0,4,0,0,0,0,0,50
4,4,resolution,2,0.5,0.29627267140999203,0.6064937688628295,0.13314204611216257,0.6769846794753046,0.7214189720741897,2,0,0,0,2,0,0,2,0,50
4,5,dissolution,2,0.5,0.386272671409992,0.6664937688628295,0.20314204611216258,0.5969846794753045,0.6714189720741897,1,0,0,0,4,0,0,1,0,50
4,6,crystallization,2,0.5,0.306272671409992,0.6164937688628295,0.14314204611216255,0.6669846794753046,0.7314189720741897,1,0,0,0,0,4,0,1,0,50
4,7,void,2,0.5,0.326272671409992,0.6264937688628295,0.15314204611216256,0.6269846794753046,0.6914189720741897,0,0,0,0,6,0,0,0,0,50
5,0,past,1,0.25,0.11619585654641307,0.2184213677539037,0.16352478609267349,0.9048022444433625,0.788239452610582,0,2,0,0,0,0,4,0,0,50
5,1,present,1,0.25,0.15619585654641308,0.2984213677539037,0.11352478609267348,0.8848022444433625,0.808239452610582,0,0,1,0,0,2,0,0,3,50
5,2,future,1,0.25,0.13619585654641306,0.3084213677539037,0.11352478609267348,0.8948022444433625,0.8182394526105821,2,0,0,2,0,0,0,2,0,50
5,3,transition,1,0.25,0.16619585654641306,0.2684213677539037,0.1335247860926735,0.8748022444433625,0.798239452610582,1,0,0,4,0,0,0,1,0,50
5,4,resolution,1,0.25,0.08619585654641307,0.1984213677539037,0.09352478609267348,0.9448022444433626,0.8282394526105821,1,0,0,0,2,0,0,3,0,50
5,5,dissolution,1,0.25,0.17619585654641307,0.2584213677539037,0.16352478609267349,0.8648022444433625,0.778239452610582,0,0,0,0,4,0,0,2,0,50
5,6,crystallization,1,0.25,0.09619585654641306,0.20842136775390369,0.10352478609267349,0.9348022444433626,0.8382394526105821,1,0,0,0,0,4,0,1,0,50
5,7,void,1,0.25,0.11619585654641307,0.2184213677539037,0.11352478609267348,0.8948022444433625,0.798239452610582,0,0,0,0,6,0,0,0,0,50
6,0,past,4,1.0,0.32814164263492884,0.15876380393846362,0.27435266175314954,0.8447499227948454,0.8739599237390359,0,2,0,0,0,0,4,0,0,50
6,1,present,4,1.0,0.3681416426349288,0.23876380393846364,0.22435266175314955,0.8247499227948454,0.8939599237390359,0,0,1,0,0,2,0,0,3,50
6,2,future,4,1.0,0.34814164263492886,0.24876380393846362,0.22435266175314955,0.8347499227948454,0.9039599237390359,2,0,0,2,0,0,0,2,0,50
6,3,transition,4,1.0,0.37814164263492883,0.2087638039384636,0.24435266175314954,0.8147499227948454,0.8839599237390359,1,0,0,4,0,0,0,1,0,50
6,4,resolution,4,1.0,0.2981416426349288,0.13876380393846363,0.20435266175314956,0.8847499227948454,0.9139599237390359,1,0,0,0,2,0,0,3,0,50
6,5,dissolution,4,1.0,0.38814164263492884,0.19876380393846363,0.27435266175314954,0.8047499227948454,0.8639599237390359,0,0,0,0,4,0,0,2,0,50
6,6,crystallization,4,1.0,0.3081416426349288,0.1487638039384636,0.21435266175314954,0.8747499227948454,0.9239599237390359,1,0,0,0,0,4,0,1,0,50
6,7,void,4,1.0,0.32814164263492884,0.15876380393846362,0.22435266175314955,0.8347499227948454,0.8839599237390359,0,0,0,0,6,0,0,0,0,50
7,0,past,0,0.0,0.08011032967621665,0.08193387524436183,0.2907508714859739,0.9774274415982637,0.9341464926218198,0,5,0,0,0,0,1,0,0,50
7,1,present,0,0.0,0.12011032967621665,0.1619338752443618,0.24075087148597388,0.9574274415982637,0.9541464926218198,0,0,3,0,0,2,0,0,1,50
7,2,future,0,0.0,0.10011032967621665,0.17193387524436182,0.24075087148597388,0.9674274415982637,0.9641464926218198,4,0,0,2,0,0,0,0,0,50
7,3,transition,0,0.0,0.13011032967621666,0.13193387524436184,0.26075087148597387,0.9474274415982636,0.9441464926218198,2,0,0,4,0,0,0,0,0,50
7,4,resolution,0,0.0,0.05011032967621665,0.06193387524436182,0.2207508714859739,1.0,0.9741464926218198,3,0,0,0,2,0,0,1,0,50
7,5,dissolution,0,0.0,0.14011032967621664,0.12193387524436183,0.2907508714859739,0.9374274415982636,0.9241464926218198,1,0,0,0,4,0,0,1,0,50
7,6,crystallization,0,0.0,0.06011032967621664,0.07193387524436183,0.23075087148597387,1.0,0.9841464926218199,2,0,0,0,0,4,0,0,0,50
7,7,void,0,0.0,0.08011032967621665,0.08193387524436183,0.24075087148597388,0.9674274415982637,0.9441464926218198,0,0,0,0,6,0,0,0,0,50
8,0,past,2,0.5,0.10827192512434576,0.31557899504153686,0.09640489576219431,0.9162143341966288,0.8458126316027067,0,5,0,0,0,0,1,0,0,50
8,1,present,2,0.5,0.14827192512434575,0.3955789950415369,0.04640489576219431,0.8962143341966288,0.8658126316027067,0,0,3,0,0,2,0,0,1,50
8,2,future,2,0.5,0.12827192512434576,0.4055789950415368,0.04640489576219431,0.9062143341966288,0.8758126316027067,4,0,0,2,0,0,0,0,0,50
8,3,transition,2,0.5,0.15827192512434576,0.36557899504153685,0.06640489576219431,0.8862143341966288,0.8558126316027067,2,0,0,4,0,0,0,0,0,50
8,4,resolution,2,0.5,0.07827192512434576,0.29557899504153684,0.02640489576219431,0.9562143341966288,0.8858126316027067,3,0,0,0,2,0,0,1,0,50
8,5,dissolution,2,0.5,0.16827192512434574,0.35557899504153684,0.09640489576219431,0.8762143341966288,0.8358126316027067,1,0,0,0,4,0,0,1,0,50
8,6,crystallization,2,0.5,0.08827192512434576,0.30557899504153685,0.03640489576219431,0.9462143341966288,0.8958126316027067,2,0,0,0,0,4,0,0,0,50
8,7,void,2,0.5,0.10827192512434576,0.31557899504153686,0.04640489576219431,0.9062143341966288,0.8558126316027067,0,0,0,0,6,0,0,0,0,50
9,0,past,2,0.5,0.3238875555885408,0.5109475133986343,0.20314204611216258,0.6643871390467557,0.7224007684027702,0,1,0,0,0,0,5,0,0,50
9,1,present,2,0.5,0.3638875555885408,0.5909475133986343,0.15314204611216256,0.6443871390467557,0.7424007684027703,0,0,1,0,0,2,0,0,3,50
9,2,future,2,0.5,0.34388755558854084,0.6009475133986343,0.15314204611216256,0.6543871390467557,0.7524007684027703,1,0,0,2,0,0,0,3,0,50
9,3,transition,2,0.5,0.3738875555885408,0.5609475133986344,0.17314204611216255,0.6343871390467557,0.7324007684027702,1,0,0,4,0,0,0,1,0,50
9,4,resolution,2,0.5,0.29388755558854085,0.4909475133986343,0.13314204611216257,0.7043871390467558,0.7624007684027703,0,0,0,0,2,0,0,4,0,50
9,5,dissolution,2,0.5,0.3838875555885408,0.5509475133986343,0.20314204611216258,0.6243871390467557,0.7124007684027702,0,0,0,0,4,0,0,2,0,50
9,6,crystallization,2,0.5,0.3038875555885408,0.5009475133986343,0.14314204611216255,0.6943871390467558,0.7724007684027703,0,0,0,0,0,4,0,2,0,50
9,7,void,2,0.5,0.3238875555885408,0.5109475133986343,0.15314204611216256,0.6543871390467557,0.7324007684027702,0,0,0,0,6,0,0,0,0,50
10,0,past,2,0.5,0.2285884122314433,0.2977169987558905,0.22100404239780885,0.8140036294323704,0.819364218359836,0,1,0,0,0,0,5,0,0,50
10,1,present,2,0.5,0.2685884122314433,0.37771699875589054,0.17100404239780886,0.7940036294323704,0.839364218359836,0,0,0,0,0,2,0,0,4,50
10,2,future,2,0.5,0.2485884122314433,0.3877169987558905,0.17100404239780886,0.8040036294323704,0.849364218359836,1,0,0,2,0,0,0,3,0,50
10,3,transition,2,0.5,0.2785884122314433,0.3477169987558905,0.19100404239780885,0.7840036294323703,0.829364218359836,0,0,0,4,0,0,0,2,0,50
10,4,resolution,2,0.5,0.1985884122314433,0.2777169987558905,0.15100404239780887,0.8540036294323704,0.859364218359836,1,0,0,0,2,0,0,3,0,50
10,5,dissolution,2,0.5,0.28858841223144327,0.3377169987558905,0.22100404239780885,0.7740036294323703,0.809364218359836,0,0,0,0,4,0,0,2,0,50
10,6,crystallization,2,0.5,0.2085884122314433,0.2877169987558905,0.16100404239780886,0.8440036294323704,0.869364218359836,1,0,0,0,0,4,0,1,0,50
10,7,void,2,0.5,0.2285884122314433,0.2977169987558905,0.17100404239780886,0.8040036294323704,0.829364218359836,0,0,0,0,6,0,0,0,0,50
11,0,past,1,0.25,0.05688285519116659,0.18020699921115726,0.06599741619468055,0.9535659293923588,0.8752175061023251,0,3,0,0,0,0,3,0,0,50
11,1,present,1,0.25,0.0968828551911666,0.26020699921115725,0.015997416194680553,0.9335659293923588,0.8952175061023251,0,0,2,0,0,2,0,0,2,50
11,2,future,1,0.25,0.0768828551911666,0.27020699921115726,0.015997416194680553,0.9435659293923588,0.9052175061023251,2,0,0,2,0,0,0,2,0,50
11,3,transition,1,0.25,0.1068828551911666,0.23020699921115728,0.035997416194680554,0.9235659293923588,0.8852175061023251,1,0,0,4,0,0,0,1,0,50
11,4,resolution,1,0.25,0.026882855191166594,0.16020699921115727,0.0,0.9935659293923589,0.9152175061023251,2,0,0,0,2,0,0,2,0,50
11,5,dissolution,1,0.25,0.11688285519116659,0.22020699921115727,0.06599741619468055,0.9135659293923588,0.8652175061023251,1,0,0,0,4,0,0,1,0,50
11,6,crystallization,1,0.25,0.03688285519116659,0.17020699921115726,0.005997416194680553,0.9835659293923589,0.9252175061023251,1,0,0,0,0,4,0,1,0,50
11,7,void,1,0.25,0.05688285519116659,0.18020699921115726,0.015997416194680553,0.9435659293923588,0.8852175061023251,0,0,0,0,6,0,0,0,0,50
12,0,past,4,1.0,0.13126549547322502,0.09110175961505612,0.31244961742974203,0.9180998784714377,0.8944303794156283,0,3,0,0,0,0,3,0,0,50
12,1,present,4,1.0,0.17126549547322503,0.17110175961505614,0.26244961742974204,0.8980998784714377,0.9144303794156283,0,0,2,0,0,2,0,0,2,50
12,2,future,4,1.0,0.15126549547322501,0.18110175961505612,0.26244961742974204,0.9080998784714377,0.9244303794156283,2,0,0,2,0,0,0,2,0,50
12,3,transition,4,1.0,0.181265495473225,0.1411017596150561,0.28244961742974206,0.8880998784714377,0.9044303794156283,1,0,0,4,0,0,0,1,0,50
12,4,resolution,4,1.0,0.10126549547322503,0.07110175961505612,0.24244961742974205,0.9580998784714377,0.9344303794156283,2,0,0,0,2,0,0,2,0,50
12,5,dissolution,4,1.0,0.19126549547322502,0.13110175961505613,0.31244961742974203,0.8780998784714377,0.8844303794156283,1,0,0,0,4,0,0,1,0,50
12,6,crystallization,4,1.0,0.11126549547322502,0.08110175961505613,0.25244961742974203,0.9480998784714377,0.9444303794156284,1,0,0,0,0,4,0,1,0,50
12,7,void,4,1.0,0.13126549547322502,0.09110175961505612,0.26244961742974204,0.9080998784714377,0.9044303794156283,0,0,0,0,6,0,0,0,0,50
13,0,past,2,0.5,0.25599087180289454,0.2679294233629881,0.2055271619336138,0.8676107161894996,0.8829782426169652,0,1,0,0,0,0,5,0,0,50
13,1,present,2,0.5,0.2959908718028945,0.3479294233629881,0.15552716193361382,0.8476107161894996,0.9029782426169652,0,0,1,0,0,2,0,0,3,50
13,2,future,2,0.5,0.27599087180289456,0.35792942336298805,0.15552716193361382,0.8576107161894996,0.9129782426169653,0,0,0,2,0,0,0,4,0,50
13,3,transition,2,0.5,0.3059908718028945,0.3179294233629881,0.1755271619336138,0.8376107161894996,0.8929782426169652,0,0,0,4,0,0,0,2,0,50
13,4,resolution,2,0.5,0.22599087180289454,0.2479294233629881,0.13552716193361383,0.9076107161894996,0.9229782426169653,1,0,0,0,2,0,0,3,0,50
13,5,dissolution,2,0.5,0.31599087180289454,0.30792942336298806,0.2055271619336138,0.8276107161894996,0.8729782426169652,1,0,0,0,4,0,0,1,0,50
13,6,crystallization,2,0.5,0.23599087180289455,0.2579294233629881,0.1455271619336138,0.8976107161894996,0.9329782426169653,0,0,0,0,0,4,0,2,0,50
13,7,void,2,0.5,0.25599087180289454,0.2679294233629881,0.15552716193361382,0.8576107161894996,0.8929782426169652,0,0,0,0,6,0,0,0,0,50
14,0,past,1,0.25,0.09509722373391306,0.2289706841601537,0.09366246833117703,0.9369668981104611,0.9116018863319236,0,1,0,0,0,0,5,0,0,50
14,1,present,1,0.25,0.13509722373391306,0.3089706841601537,0.04366246833117702,0.9169668981104611,0.9316018863319236,0,0,1,0,0,2,0,0,3,50
14,2,future,1,0.25,0.11509722373391307,0.31897068416015373,0.04366246833117702,0.9269668981104611,0.9416018863319237,0,0,0,2,0,0,0,4,0,50
14,3,transition,1,0.25,0.14509722373391307,0.2789706841601537,0.06366246833117702,0.906966898110461,0.9216018863319236,0,0,0,4,0,0,0,2,0,50
14,4,resolution,1,0.25,0.06509722373391306,0.2089706841601537,0.02366246833117702,0.9769668981104611,0.9516018863319237,1,0,0,0,2,0,0,3,0,50
14,5,dissolution,1,0.25,0.15509722373391305,0.2689706841601537,0.09366246833117703,0.896966898110461,0.9016018863319236,1,0,0,0,4,0,0,1,0,50
14,6,crystallization,1,0.25,0.07509722373391306,0.2189706841601537,0.03366246833117702,0.9669668981104611,0.9616018863319237,0,0,0,0,0,4,0,2,0,50
14,7,void,1,0.25,0.09509722373391306,0.2289706841601537,0.04366246833117702,0.9269668981104611,0.9216018863319236,0,0,0,0,6,0,0,0,0,50
15,0,past,1,0.25,0.09509722373391306,0.14199263066841075,0.10421178473742701,0.9382801819752603,0.798788769016832,0,5,0,0,0,0,1,0,0,50
15,1,present,1,0.25,0.13509722373391306,0.22199263066841074,0.054211784737427014,0.9182801819752603,0.8187887690168321,0,0,3,0,0,2,0,0,1,50
15,2,future,1,0.25,0.11509722373391307,0.23199263066841075,0.054211784737427014,0.9282801819752603,0.8287887690168321,3,0,0,2,0,0,0,1,0,50
15,3,transition,1,0.25,0.14509722373391307,0.19199263066841077,0.07421178473742701,0.9082801819752603,0.808788769016832,1,0,0,4,0,0,0,1,0,50
15,4,resolution,1,0.25,0.06509722373391306,0.12199263066841075,0.03421178473742702,0.9782801819752603,0.8387887690168321,4,0,0,0,2,0,0,0,0,50
15,5,dissolution,1,0.25,0.15509722373391305,0.18199263066841076,0.10421178473742701,0.8982801819752603,0.788788769016832,2,0,0,0,4,0,0,0,0,50
15,6,crystallization,1,0.25,0.07509722373391306,0.13199263066841074,0.04421178473742701,0.9682801819752603,0.8487887690168321,2,0,0,0,0,4,0,0,0,50
15,7,void,1,0.25,0.09509722373391306,0.14199263066841075,0.054211784737427014,0.9282801819752603,0.808788769016832,0,0,0,0,6,0,0,0,0,50
16,0,past,3,0.75,0.24600295773337383,0.37536471331425775,0.11880157615473536,0.7553738295513108,0.7914372731151657,0,5,0,0,0,0,1,0,0,50
16,1,present,3,0.75,0.2860029577333738,0.45536471331425776,0.06880157615473535,0.7353738295513108,0.8114372731151657,0,0,4,0,0,2,0,0,0,50
16,2,future,3,0.75,0.26600295773337385,0.46536471331425777,0.06880157615473535,0.7453738295513108,0.8214372731151657,3,0,0,2,0,0,0,1,0,50
16,3,transition,3,0.75,0.2960029577333738,0.42536471331425774,0.08880157615473536,0.7253738295513108,0.8014372731151657,2,0,0,4,0,0,0,0,0,50
16,4,resolution,3,0.75,0.21600295773337383,0.35536471331425773,0.04880157615473535,0.7953738295513109,0.8314372731151657,3,0,0,0,2,0,0,1,0,50
16,5,dissolution,3,0.75,0.3060029577333738,0.4153647133142577,0.11880157615473536,0.7153738295513108,0.7814372731151656,2,0,0,0,4,0,0,0,0,50
16,6,crystallization,3,0.75,0.22600295773337384,0.36536471331425774,0.05880157615473535,0.7853738295513109,0.8414372731151657,1,0,0,0,0,4,0,1,0,50
16,7,void,3,0.75,0.24600295773337383,0.37536471331425775,0.06880157615473535,0.7453738295513108,0.8014372731151657,0,0,0,0,6,0,0,0,0,50
17,0,past,2,0.5,0.22620329640999204,0.4632979417200856,0.1681177648621626,0.7997140324038532,0.7876790992598678,0,3,0,0,0,0,3,0,0,50
17,1,present,2,0.5,0.266203296409992,0.5432979417200856,0.11811776486216259,0.7797140324038532,0.8076790992598678,0,0,3,0,0,2,0,0,1,50
17,2,future,2,0.5,0.24620329640999203,0.5532979417200856,0.11811776486216259,0.7897140324038532,0.8176790992598678,2,0,0,2,0,0,0,2,0,50
17,3,transition,2,0.5,0.276203296409992,0.5132979417200856,0.1381177648621626,0.7697140324038532,0.7976790992598678,2,0,0,4,0,0,0,0,0,50
17,4,resolution,2,0.5,0.19620329640999204,0.4432979417200856,0.09811776486216259,0.8397140324038532,0.8276790992598678,1,0,0,0,2,0,0,3,0,50
17,5,dissolution,2,0.5,0.28620329640999204,0.5032979417200856,0.1681177648621626,0.7597140324038532,0.7776790992598678,1,0,0,0,4,0,0,1,0,50
17,6,crystallization,2,0.5,0.20620329640999205,0.4532979417200856,0.1081177648621626,0.8297140324038532,0.8376790992598678,0,0,0,0,0,4,0,2,0,50
17,7,void,2,0.5,0.22620329640999204,0.4632979417200856,0.11811776486216259,0.7897140324038532,0.7976790992598678,0,0,0,0,6,0,0,0,0,50
18,0,past,3,0.75,0.6497386627460381,0.1653206445220436,0.5811680661927282,0.31419609328864645,0.47527905184828,0,3,0,0,0,0,3,0,0,50
18,1,present,3,0.75,0.6897386627460381,0.2453206445220436,0.5311680661927282,0.29419609328864643,0.49527905184828,0,0,1,0,0,2,0,0,3,50
18,2,future,3,0.75,0.6697386627460381,0.2553206445220436,0.5311680661927282,0.30419609328864644,0.50527905184828,2,0,0,2,0,0,0,2,0,50
18,3,transition,3,0.75,0.6997386627460381,0.21532064452204358,0.5511680661927282,0.2841960932886464,0.48527905184828,0,0,0,4,0,0,0,2,0,50
18,4,resolution,3,0.75,0.6197386627460381,0.1453206445220436,0.5111680661927281,0.35419609328864643,0.51527905184828,3,0,0,0,2,0,0,1,0,50
18,5,dissolution,3,0.75,0.709738662746038,0.2053206445220436,0.5811680661927282,0.27419609328864647,0.46527905184828,1,0,0,0,4,0,0,1,0,50
18,6,crystallization,3,0.75,0.6297386627460381,0.15532064452204358,0.5211680661927282,0.3441960932886464,0.52527905184828,2,0,0,0,0,4,0,0,0,50
18,7,void,3,0.75,0.6497386627460381,0.1653206445220436,0.5311680661927282,0.30419609328864644,0.48527905184828,0,0,0,0,6,0,0,0,0,50
19,0,past,2,0.5,0.10827192512434576,0.2703145391844393,0.08282555900506505,0.9026349974394996,0.8458126316027067,0,4,0,0,0,0,2,0,0,50
19,1,present,2,0.5,0.14827192512434575,0.35031453918443933,0.03282555900506505,0.8826349974394996,0.8658126316027067,0,0,3,0,0,2,0,0,1,50
19,2,future,2,0.5,0.12827192512434576,0.36031453918443934,0.03282555900506505,0.8926349974394996,0.8758126316027067,3,0,0,2,0,0,0,1,0,50
19,3,transition,2,0.5,0.15827192512434576,0.3203145391844393,0.052825559005065054,0.8726349974394996,0.8558126316027067,2,0,0,4,0,0,0,0,0,50
19,4,resolution,2,0.5,0.07827192512434576,0.2503145391844393,0.01282555900506505,0.9426349974394996,0.8858126316027067,2,0,0,0,2,0,0,2,0,50
19,5,dissolution,2,0.5,0.16827192512434574,0.3103145391844393,0.08282555900506505,0.8626349974394996,0.8358126316027067,1,0,0,0,4,0,0,1,0,50
19,6,crystallization,2,0.5,0.08827192512434576,0.2603145391844393,0.022825559005065048,0.9326349974394996,0.8958126316027067,1,0,0,0,0,4,0,1,0,50
19,7,void,2,0.5,0.10827192512434576,0.2703145391844393,0.03282555900506505,0.8926349974394996,0.8558126316027067,0,0,0,0,6,0,0,0,0,50
20,0,past,1,0.25,0.19262459363190598,0.14199263066841075,0.23995352317816643,0.8283735073578695,0.7500250840678355,0,4,0,0,0,0,2,0,0,50
20,1,present,1,0.25,0.232624593631906,0.22199263066841074,0.18995352317816644,0.8083735073578695,0.7700250840678355,0,0,2,0,0,2,0,0,2,50
20,2,future,1,0.25,0.21262459363190597,0.23199263066841075,0.18995352317816644,0.8183735073578695,0.7800250840678356,3,0,0,2,0,0,0,1,0,50
20,3,transition,1,0.25,0.24262459363190597,0.19199263066841077,0.20995352317816643,0.7983735073578695,0.7600250840678355,1,0,0,4,0,0,0,1,0,50
20,4,resolution,1,0.25,0.16262459363190598,0.12199263066841075,0.16995352317816645,0.8683735073578696,0.7900250840678356,3,0,0,0,2,0,0,1,0,50
20,5,dissolution,1,0.25,0.252624593631906,0.18199263066841076,0.23995352317816643,0.7883735073578695,0.7400250840678355,1,0,0,0,4,0,0,1,0,50
20,6,crystallization,1,0.25,0.172624593631906,0.13199263066841074,0.17995352317816643,0.8583735073578695,0.8000250840678356,2,0,0,0,0,4,0,0,0,50
20,7,void,1,0.25,0.19262459363190598,0.14199263066841075,0.18995352317816644,0.8183735073578695,0.7600250840678355,0,0,0,0,6,0,0,0,0,50
21,0,past,4,1.0,0.7098146568264101,0.20581470110016742,0.6179287202680382,0.34552001144166034,0.5097727180624434,0,3,0,0,0,0,3,0,0,50
21,1,present,4,1.0,0.7498146568264101,0.28581470110016743,0.5679287202680382,0.3255200114416603,0.5297727180624434,0,0,3,0,0,2,0,0,1,50
21,2,future,4,1.0,0.7298146568264101,0.2958147011001674,0.5679287202680382,0.3355200114416603,0.5397727180624434,1,0,0,2,0,0,0,3,0,50
21,3,transition,4,1.0,0.7598146568264101,0.2558147011001674,0.5879287202680382,0.3155200114416603,0.5197727180624434,1,0,0,4,0,0,0,1,0,50
21,4,resolution,4,1.0,0.6798146568264101,0.18581470110016743,0.5479287202680382,0.3855200114416603,0.5497727180624434,2,0,0,0,2,0,0,2,0,50
21,5,dissolution,4,1.0,0.7698146568264101,0.24581470110016743,0.6179287202680382,0.3055200114416603,0.4997727180624434,2,0,0,0,4,0,0,0,0,50
21,6,crystallization,4,1.0,0.6898146568264101,0.1958147011001674,0.5579287202680382,0.3755200114416603,0.5597727180624434,0,0,0,0,0,4,0,2,0,50
21,7,void,4,1.0,0.7098146568264101,0.20581470110016742,0.5679287202680382,0.3355200114416603,0.5197727180624434,0,0,0,0,6,0,0,0,0,50
22,0,past,2,0.5,0.18093884055289453,0.3834756788271831,0.15549247443361383,0.832353197832402,0.7755308319956091,0,3,0,0,0,0,3,0,0,50
22,1,present,2,0.5,0.22093884055289453,0.4634756788271831,0.10549247443361383,0.812353197832402,0.7955308319956091,0,0,2,0,0,2,0,0,2,50
22,2,future,2,0.5,0.20093884055289452,0.4734756788271831,0.10549247443361383,0.822353197832402,0.8055308319956092,1,0,0,2,0,0,0,3,0,50
22,3,transition,2,0.5,0.23093884055289454,0.4334756788271831,0.12549247443361383,0.802353197832402,0.7855308319956091,0,0,0,4,0,0,0,2,0,50
22,4,resolution,2,0.5,0.15093884055289453,0.36347567882718307,0.08549247443361382,0.8723531978324021,0.8155308319956092,3,0,0,0,2,0,0,1,0,50
22,5,dissolution,2,0.5,0.24093884055289452,0.42347567882718307,0.15549247443361383,0.792353197832402,0.7655308319956091,2,0,0,0,4,0,0,0,0,50
22,6,crystallization,2,0.5,0.16093884055289454,0.3734756788271831,0.09549247443361383,0.862353197832402,0.8255308319956092,1,0,0,0,0,4,0,1,0,50
22,7,void,2,0.5,0.18093884055289453,0.3834756788271831,0.10549247443361383,0.822353197832402,0.7855308319956091,0,0,0,0,6,0,0,0,0,50
23,0,past,4,1.0,0.5835852011498175,0.10574361245335237,0.7209844560765571,0.23649498130973406,0.4067169822539245,0,5,0,0,0,0,1,0,0,50
23,1,present,4,1.0,0.6235852011498175,0.18574361245335236,0.6709844560765571,0.21649498130973405,0.4267169822539245,0,0,3,0,0,2,0,0,1,50
23,2,future,4,1.0,0.6035852011498175,0.19574361245335237,0.6709844560765571,0.22649498130973406,0.4367169822539245,3,0,0,2,0,0,0,1,0,50
23,3,transition,4,1.0,0.6335852011498175,0.1557436124533524,0.6909844560765571,0.20649498130973407,0.4167169822539245,1,0,0,4,0,0,0,1,0,50
23,4,resolution,4,1.0,0.5535852011498175,0.08574361245335237,0.6509844560765571,0.27649498130973404,0.44671698225392453,4,0,0,0,2,0,0,0,0,50
23,5,dissolution,4,1.0,0.6435852011498175,0.14574361245335238,0.7209844560765571,0.19649498130973406,0.3967169822539245,2,0,0,0,4,0,0,0,0,50
23,6,crystallization,4,1.0,0.5635852011498175,0.09574361245335238,0.6609844560765571,0.26649498130973404,0.4567169822539245,2,0,0,0,0,4,0,0,0,50
23,7,void,4,1.0,0.5835852011498175,0.10574361245335237,0.6709844560765571,0.22649498130973406,0.4167169822539245,0,0,0,0,6,0,0,0,0,50
24,0,past,2,0.5,0.1535363809814433,0.1976476237558905,0.13047513068361383,0.9026349974394996,0.8117423966812872,0,5,0,0,0,0,1,0,0,50
24,1,present,2,0.5,0.1935363809814433,0.2776476237558905,0.08047513068361382,0.8826349974394996,0.8317423966812872,0,0,4,0,0,2,0,0,0,50
24,2,future,2,0.5,0.17353638098144328,0.2876476237558905,0.08047513068361382,0.8926349974394996,0.8417423966812873,3,0,0,2,0,0,0,1,0,50
24,3,transition,2,0.5,0.20353638098144328,0.2476476237558905,0.10047513068361383,0.8726349974394996,0.8217423966812872,2,0,0,4,0,0,0,0,0,50
24,4,resolution,2,0.5,0.12353638098144329,0.17764762375589052,0.06047513068361382,0.9426349974394996,0.8517423966812873,3,0,0,0,2,0,0,1,0,50
24,5,dissolution,2,0.5,0.21353638098144329,0.23764762375589052,0.13047513068361383,0.8626349974394996,0.8017423966812872,2,0,0,0,4,0,0,0,0,50
24,6,crystallization,2,0.5,0.1335363809814433,0.1876476237558905,0.07047513068361383,0.9326349974394996,0.8617423966812873,1,0,0,0,0,4,0,1,0,50
24,7,void,2,0.5,0.1535363809814433,0.1976476237558905,0.08047513068361382,0.8926349974394996,0.8217423966812872,0,0,0,0,6,0,0,0,0,50
25,0,past,1,0.25,0.17152596081940602,0.19075631561740727,0.09366246833117703,0.9216811506933624,0.8810303914977266,0,2,0,0,0,0,4,0,0,50
25,1,present,1,0.25,0.21152596081940603,0.27075631561740726,0.04366246833117702,0.9016811506933624,0.9010303914977266,0,0,2,0,0,2,0,0,2,50
25,2,future,1,0.25,0.191525960819406,0.28075631561740727,0.04366246833117702,0.9116811506933624,0.9110303914977266,1,0,0,2,0,0,0,3,0,50
25,3,transition,1,0.25,0.221525960819406,0.2407563156174073,0.06366246833117702,0.8916811506933624,0.8910303914977266,1,0,0,4,0,0,0,1,0,50
25,4,resolution,1,0.25,0.14152596081940602,0.17075631561740728,0.02366246833117702,0.9616811506933625,0.9210303914977266,1,0,0,0,2,0,0,3,0,50
25,5,dissolution,1,0.25,0.23152596081940602,0.23075631561740728,0.09366246833117703,0.8816811506933624,0.8710303914977265,1,0,0,0,4,0,0,1,0,50
25,6,crystallization,1,0.25,0.15152596081940603,0.18075631561740726,0.03366246833117702,0.9516811506933625,0.9310303914977266,0,0,0,0,0,4,0,2,0,50
25,7,void,1,0.25,0.17152596081940602,0.19075631561740727,0.04366246833117702,0.9116811506933624,0.8910303914977266,0,0,0,0,6,0,0,0,0,50
26,0,past,1,0.25,0.14386090868290952,0.11432757853191432,0.18064052182291995,0.9264175817042112,0.8646681896960751,0,2,0,0,0,0,4,0,0,50
26,1,present,1,0.25,0.18386090868290952,0.19432757853191432,0.13064052182291994,0.9064175817042112,0.8846681896960751,0,0,1,0,0,2,0,0,3,50
26,2,future,1,0.25,0.1638609086829095,0.2043275785319143,0.13064052182291994,0.9164175817042112,0.8946681896960751,1,0,0,2,0,0,0,3,0,50
26,3,transition,1,0.25,0.1938609086829095,0.16432757853191432,0.15064052182291993,0.8964175817042112,0.8746681896960751,0,0,0,4,0,0,0,2,0,50
26,4,resolution,1,0.25,0.11386090868290952,0.09432757853191431,0.11064052182291993,0.9664175817042112,0.9046681896960751,2,0,0,0,2,0,0,2,0,50
26,5,dissolution,1,0.25,0.20386090868290951,0.1543275785319143,0.18064052182291995,0.8864175817042111,0.854668189696075,1,0,0,0,4,0,0,1,0,50
26,6,crystallization,1,0.25,0.12386090868290951,0.10432757853191432,0.12064052182291994,0.9564175817042112,0.9146681896960751,1,0,0,0,0,4,0,1,0,50
26,7,void,1,0.25,0.14386090868290952,0.11432757853191432,0.13064052182291994,0.9164175817042112,0.8746681896960751,0,0,0,0,6,0,0,0,0,50
27,0,past,2,0.5,0.17616860890999203,0.2429120796129881,0.17573958654071137,0.8347383136538532,0.7891101687527384,0,4,0,0,0,0,2,0,0,50
27,1,present,2,0.5,0.21616860890999204,0.3229120796129881,0.12573958654071135,0.8147383136538532,0.8091101687527384,0,0,3,0,0,2,0,0,1,50
27,2,future,2,0.5,0.19616860890999202,0.3329120796129881,0.12573958654071135,0.8247383136538532,0.8191101687527385,2,0,0,2,0,0,0,2,0,50
27,3,transition,2,0.5,0.22616860890999202,0.2929120796129881,0.14573958654071134,0.8047383136538532,0.7991101687527384,1,0,0,4,0,0,0,1,0,50
27,4,resolution,2,0.5,0.14616860890999203,0.22291207961298812,0.10573958654071135,0.8747383136538532,0.8291101687527385,3,0,0,0,2,0,0,1,0,50
27,5,dissolution,2,0.5,0.23616860890999203,0.2829120796129881,0.17573958654071137,0.7947383136538532,0.7791101687527384,2,0,0,0,4,0,0,0,0,50
27,6,crystallization,2,0.5,0.15616860890999204,0.2329120796129881,0.11573958654071136,0.8647383136538532,0.8391101687527385,1,0,0,0,0,4,0,1,0,50
27,7,void,2,0.5,0.17616860890999203,0.2429120796129881,0.12573958654071135,0.8247383136538532,0.7991101687527384,0,0,0,0,6,0,0,0,0,50
28,0,past,4,1.0,0.5454882454732252,0.1117129067767599,0.6679642645914459,0.33059677563314155,0.41268627657733203,0,2,0,0,0,0,4,0,0,50
28,1,present,4,1.0,0.5854882454732252,0.1917129067767599,0.6179642645914458,0.31059677563314153,0.43268627657733205,0,0,1,0,0,2,0,0,3,50
28,2,future,4,1.0,0.5654882454732252,0.2017129067767599,0.6179642645914458,0.32059677563314154,0.44268627657733206,2,0,0,2,0,0,0,2,0,50
28,3,transition,4,1.0,0.5954882454732252,0.1617129067767599,0.6379642645914458,0.3005967756331415,0.42268627657733204,1,0,0,4,0,0,0,1,0,50
28,4,resolution,4,1.0,0.5154882454732251,0.09171290677675989,0.5979642645914458,0.37059677563314153,0.45268627657733207,1,0,0,0,2,0,0,3,0,50
28,5,dissolution,4,1.0,0.6054882454732251,0.1517129067767599,0.6679642645914459,0.29059677563314157,0.402686276577332,0,0,0,0,4,0,0,2,0,50
28,6,crystallization,4,1.0,0.5254882454732251,0.1017129067767599,0.6079642645914458,0.3605967756331415,0.462686276577332,1,0,0,0,0,4,0,1,0,50
28,7,void,4,1.0,0.5454882454732252,0.1117129067767599,0.6179642645914458,0.32059677563314154,0.42268627657733204,0,0,0,0,6,0,0,0,0,50
29,0,past,4,1.0,0.31620305398811377,0.1968607596150561,0.32140355891485334,0.7301776727948454,0.7446051294156283,0,4,0,0,0,0,2,0,0,50
29,1,present,4,1.0,0.35620305398811375,0.27686075961505613,0.27140355891485335,0.7101776727948453,0.7646051294156283,0,0,2,0,0,2,0,0,2,50
29,2,future,4,1.0,0.3362030539881138,0.2868607596150561,0.27140355891485335,0.7201776727948453,0.7746051294156283,4,0,0,2,0,0,0,0,0,50
29,3,transition,4,1.0,0.36620305398811376,0.2468607596150561,0.29140355891485337,0.7001776727948453,0.7546051294156283,2,0,0,4,0,0,0,0,0,50
29,4,resolution,4,1.0,0.28620305398811374,0.17686075961505612,0.25140355891485333,0.7701776727948454,0.7846051294156283,2,0,0,0,2,0,0,2,0,50
29,5,dissolution,4,1.0,0.37620305398811377,0.23686075961505612,0.32140355891485334,0.6901776727948453,0.7346051294156283,0,0,0,0,4,0,0,2,0,50
29,6,crystallization,4,1.0,0.29620305398811375,0.1868607596150561,0.26140355891485334,0.7601776727948454,0.7946051294156283,2,0,0,0,0,4,0,0,0,50
29,7,void,4,1.0,0.31620305398811377,0.1968607596150561,0.27140355891485335,0.7201776727948453,0.7546051294156283,0,0,0,0,6,0,0,0,0,50
30,0,past,2,0.5,0.326272671409992,0.37753926164879303,0.24840650196926012,0.707266479082402,0.7376444117598677,0,2,0,0,0,0,4,0,0,50
30,1,present,2,0.5,0.366272671409992,0.45753926164879305,0.1984065019692601,0.687266479082402,0.7576444117598677,0,0,2,0,0,2,0,0,2,50
30,2,future,2,0.5,0.346272671409992,0.467539261648793,0.1984065019692601,0.697266479082402,0.7676444117598678,0,0,0,2,0,0,0,4,0,50
30,3,transition,2,0.5,0.376272671409992,0.427539261648793,0.2184065019692601,0.677266479082402,0.7476444117598677,0,0,0,4,0,0,0,2,0,50
30,4,resolution,2,0.5,0.29627267140999203,0.357539261648793,0.1784065019692601,0.7472664790824021,0.7776444117598678,2,0,0,0,2,0,0,2,0,50
30,5,dissolution,2,0.5,0.386272671409992,0.417539261648793,0.24840650196926012,0.667266479082402,0.7276444117598677,2,0,0,0,4,0,0,0,0,50
30,6,crystallization,2,0.5,0.306272671409992,0.367539261648793,0.1884065019692601,0.7372664790824021,0.7876444117598678,0,0,0,0,0,4,0,2,0,50
30,7,void,2,0.5,0.326272671409992,0.37753926164879303,0.1984065019692601,0.697266479082402,0.7476444117598677,0,0,0,0,6,0,0,0,0,50
31,0,past,2,0.5,0.19880083683854083,0.3608434508986344,0.1280900148621626,0.8121060857253045,0.8005481757456092,0,3,0,0,0,0,3,0,0,50
31,1,present,2,0.5,0.23880083683854084,0.4408434508986344,0.07809001486216258,0.7921060857253045,0.8205481757456092,0,0,2,0,0,2,0,0,2,50
31,2,future,2,0.5,0.21880083683854082,0.4508434508986344,0.07809001486216258,0.8021060857253045,0.8305481757456092,2,0,0,2,0,0,0,2,0,50
31,3,transition,2,0.5,0.24880083683854082,0.4108434508986344,0.09809001486216258,0.7821060857253045,0.8105481757456092,1,0,0,4,0,0,0,1,0,50
31,4,resolution,2,0.5,0.16880083683854083,0.3408434508986344,0.05809001486216257,0.8521060857253046,0.8405481757456092,2,0,0,0,2,0,0,2,0,50
31,5,dissolution,2,0.5,0.2588008368385408,0.4008434508986344,0.1280900148621626,0.7721060857253045,0.7905481757456092,1,0,0,0,4,0,0,1,0,50
31,6,crystallization,2,0.5,0.17880083683854084,0.3508434508986344,0.06809001486216258,0.8421060857253045,0.8505481757456093,1,0,0,0,0,4,0,1,0,50
31,7,void,2,0.5,0.19880083683854083,0.3608434508986344,0.07809001486216258,0.8021060857253045,0.8105481757456092,0,0,0,0,6,0,0,0,0,50
32,0,past,1,0.25,0.20317391003815602,0.16309126348091077,0.14875574312392348,0.8831869071825138,0.8264538211533285,0,3,0,0,0,0,3,0,0,50
32,1,present,1,0.25,0.24317391003815603,0.24309126348091076,0.09875574312392349,0.8631869071825138,0.8464538211533286,0,0,2,0,0,2,0,0,2,50
32,2,future,1,0.25,0.223173910038156,0.25309126348091077,0.09875574312392349,0.8731869071825138,0.8564538211533286,2,0,0,2,0,0,0,2,0,50
32,3,transition,1,0.25,0.25317391003815604,0.2130912634809108,0.1187557431239235,0.8531869071825138,0.8364538211533286,1,0,0,4,0,0,0,1,0,50
32,4,resolution,1,0.25,0.17317391003815602,0.14309126348091078,0.07875574312392349,0.9231869071825138,0.8664538211533286,2,0,0,0,2,0,0,2,0,50
32,5,dissolution,1,0.25,0.26317391003815604,0.20309126348091078,0.14875574312392348,0.8431869071825138,0.8164538211533285,1,0,0,0,4,0,0,1,0,50
32,6,crystallization,1,0.25,0.18317391003815603,0.15309126348091076,0.0887557431239235,0.9131869071825138,0.8764538211533286,1,0,0,0,0,4,0,1,0,50
32,7,void,1,0.25,0.20317391003815602,0.16309126348091077,0.09875574312392349,0.8731869071825138,0.8364538211533286,0,0,0,0,6,0,0,0,0,50
33,0,past,2,0.5,0.1535363809814433,0.10711871204169549,0.22100404239780885,0.8800027695109508,0.7664779408241896,0,2,0,0,0,0,4,0,0,50
33,1,present,2,0.5,0.1935363809814433,0.1871187120416955,0.17100404239780886,0.8600027695109508,0.7864779408241896,0,0,1,0,0,2,0,0,3,50
33,2,future,2,0.5,0.17353638098144328,0.19711871204169548,0.17100404239780886,0.8700027695109508,0.7964779408241897,1,0,0,2,0,0,0,3,0,50
33,3,transition,2,0.5,0.20353638098144328,0.15711871204169547,0.19100404239780885,0.8500027695109508,0.7764779408241896,0,0,0,4,0,0,0,2,0,50
33,4,resolution,2,0.5,0.12353638098144329,0.08711871204169548,0.15100404239780887,0.9200027695109508,0.8064779408241897,2,0,0,0,2,0,0,2,0,50
33,5,dissolution,2,0.5,0.21353638098144329,0.1471187120416955,0.22100404239780885,0.8400027695109508,0.7564779408241896,1,0,0,0,4,0,0,1,0,50
33,6,crystallization,2,0.5,0.1335363809814433,0.09711871204169549,0.16100404239780886,0.9100027695109508,0.8164779408241897,1,0,0,0,0,4,0,1,0,50
33,7,void,2,0.5,0.1535363809814433,0.10711871204169549,0.17100404239780886,0.8700027695109508,0.7764779408241896,0,0,0,0,6,0,0,0,0,50
34,0,past,3,0.75,0.11413326897493095,0.1653206445220436,0.1009031399131782,0.9487959270766393,0.9181019468778299,0,2,0,0,0,0,4,0,0,50
34,1,present,3,0.75,0.15413326897493096,0.2453206445220436,0.0509031399131782,0.9287959270766393,0.9381019468778299,0,0,2,0,0,2,0,0,2,50
34,2,future,3,0.75,0.13413326897493094,0.2553206445220436,0.0509031399131782,0.9387959270766393,0.9481019468778299,1,0,0,2,0,0,0,3,0,50
34,3,transition,3,0.75,0.16413326897493097,0.21532064452204358,0.0709031399131782,0.9187959270766393,0.9281019468778299,1,0,0,4,0,0,0,1,0,50
34,4,resolution,3,0.75,0.08413326897493095,0.1453206445220436,0.0309031399131782,0.9887959270766393,0.9581019468778299,1,0,0,0,2,0,0,3,0,50
34,5,dissolution,3,0.75,0.17413326897493095,0.2053206445220436,0.1009031399131782,0.9087959270766393,0.9081019468778299,1,0,0,0,4,0,0,1,0,50
34,6,crystallization,3,0.75,0.09413326897493095,0.15532064452204358,0.0409031399131782,0.9787959270766393,0.9681019468778299,0,0,0,0,0,4,0,2,0,50
34,7,void,3,0.75,0.11413326897493095,0.1653206445220436,0.0509031399131782,0.9387959270766393,0.9281019468778299,0,0,0,0,6,0,0,0,0,50
35,0,past,2,0.5,0.18093884055289453,0.32273434250589056,0.10784290275506506,0.8299680820109508,0.8057848816027067,0,4,0,0,0,0,2,0,0,50
35,1,present,2,0.5,0.22093884055289453,0.4027343425058906,0.057842902755065054,0.8099680820109508,0.8257848816027067,0,0,3,0,0,2,0,0,1,50
35,2,future,2,0.5,0.20093884055289452,0.4127343425058906,0.057842902755065054,0.8199680820109508,0.8357848816027067,2,0,0,2,0,0,0,2,0,50
35,3,transition,2,0.5,0.23093884055289454,0.37273434250589055,0.07784290275506506,0.7999680820109508,0.8157848816027067,1,0,0,4,0,0,0,1,0,50
35,4,resolution,2,0.5,0.15093884055289453,0.30273434250589054,0.03784290275506505,0.8699680820109509,0.8457848816027067,3,0,0,0,2,0,0,1,0,50
35,5,dissolution,2,0.5,0.24093884055289452,0.36273434250589054,0.10784290275506506,0.7899680820109508,0.7957848816027067,2,0,0,0,4,0,0,0,0,50
35,6,crystallization,2,0.5,0.16093884055289454,0.31273434250589055,0.04784290275506505,0.8599680820109509,0.8557848816027067,1,0,0,0,0,4,0,1,0,50
35,7,void,2,0.5,0.18093884055289453,0.32273434250589056,0.057842902755065054,0.8199680820109508,0.8157848816027067,0,0,0,0,6,0,0,0,0,50
36,0,past,4,1.0,0.6717177011498175,0.15279450961505614,0.5887857060765572,0.2835458784714378,0.4537678794156283,0,4,0,0,0,0,2,0,0,50
36,1,present,4,1.0,0.7117177011498176,0.23279450961505616,0.5387857060765572,0.2635458784714378,0.4737678794156283,0,0,3,0,0,2,0,0,1,50
36,2,future,4,1.0,0.6917177011498176,0.24279450961505614,0.5387857060765572,0.2735458784714378,0.4837678794156283,2,0,0,2,0,0,0,2,0,50
36,3,transition,4,1.0,0.7217177011498176,0.20279450961505613,0.5587857060765572,0.2535458784714378,0.4637678794156283,1,0,0,4,0,0,0,1,0,50
36,4,resolution,4,1.0,0.6417177011498175,0.13279450961505615,0.5187857060765572,0.3235458784714378,0.4937678794156283,3,0,0,0,2,0,0,1,0,50
36,5,dissolution,4,1.0,0.7317177011498175,0.19279450961505615,0.5887857060765572,0.2435458784714378,0.4437678794156283,2,0,0,0,4,0,0,0,0,50
36,6,crystallization,4,1.0,0.6517177011498175,0.14279450961505613,0.5287857060765572,0.3135458784714378,0.5037678794156283,1,0,0,0,0,4,0,1,0,50
36,7,void,4,1.0,0.6717177011498175,0.15279450961505614,0.5387857060765572,0.2735458784714378,0.4637678794156283,0,0,0,0,6,0,0,0,0,50
37,0,past,1,0.25,0.15441022508915953,0.33048095114040016,0.11054137458117702,0.8852967704637639,0.792459179173082,0,2,0,0,0,0,4,0,0,50
37,1,present,1,0.25,0.19441022508915953,0.4104809511404002,0.060541374581177025,0.8652967704637639,0.812459179173082,0,0,1,0,0,2,0,0,3,50
37,2,future,1,0.25,0.17441022508915952,0.4204809511404002,0.060541374581177025,0.8752967704637639,0.822459179173082,1,0,0,2,0,0,0,3,0,50
37,3,transition,1,0.25,0.20441022508915951,0.38048095114040015,0.08054137458117702,0.8552967704637638,0.802459179173082,0,0,0,4,0,0,0,2,0,50
37,4,resolution,1,0.25,0.12441022508915953,0.31048095114040014,0.04054137458117703,0.9252967704637639,0.832459179173082,2,0,0,0,2,0,0,2,0,50
37,5,dissolution,1,0.25,0.21441022508915952,0.37048095114040014,0.11054137458117702,0.8452967704637638,0.7824591791730819,1,0,0,0,4,0,0,1,0,50
37,6,crystallization,1,0.25,0.13441022508915954,0.32048095114040015,0.05054137458117702,0.9152967704637639,0.842459179173082,1,0,0,0,0,4,0,1,0,50
37,7,void,1,0.25,0.15441022508915953,0.33048095114040016,0.060541374581177025,0.8752967704637639,0.802459179173082,0,0,0,0,6,0,0,0,0,50
38,0,past,4,1.0,0.7187685983115213,0.20581470110016742,0.620913367429742,0.3365660699565491,0.5038034237390359,0,2,0,0,0,0,4,0,0,50
38,1,present,4,1.0,0.7587685983115213,0.28581470110016743,0.570913367429742,0.31656606995654907,0.5238034237390359,0,0,2,0,0,2,0,0,2,50
38,2,future,4,1.0,0.7387685983115213,0.2958147011001674,0.570913367429742,0.3265660699565491,0.5338034237390359,1,0,0,2,0,0,0,3,0,50
38,3,transition,4,1.0,0.7687685983115213,0.2558147011001674,0.590913367429742,0.30656606995654906,0.5138034237390359,1,0,0,4,0,0,0,1,0,50
38,4,resolution,4,1.0,0.6887685983115213,0.18581470110016743,0.550913367429742,0.37656606995654907,0.5438034237390359,1,0,0,0,2,0,0,3,0,50
38,5,dissolution,4,1.0,0.7787685983115213,0.24581470110016743,0.620913367429742,0.2965660699565491,0.49380342373903585,1,0,0,0,4,0,0,1,0,50
38,6,crystallization,4,1.0,0.6987685983115213,0.1958147011001674,0.560913367429742,0.36656606995654906,0.5538034237390359,0,0,0,0,0,4,0,2,0,50
38,7,void,4,1.0,0.7187685983115213,0.20581470110016742,0.570913367429742,0.3265660699565491,0.5138034237390359,0,0,0,0,6,0,0,0,0,50
39,0,past,3,0.75,0.5374125689960381,0.11810681576782216,0.6365085336842854,0.35163812453864646,0.43783702059828,0,4,0,0,0,0,2,0,0,50
39,1,present,3,0.75,0.5774125689960381,0.19810681576782216,0.5865085336842853,0.33163812453864644,0.45783702059828,0,0,3,0,0,2,0,0,1,50
39,2,future,3,0.75,0.5574125689960381,0.20810681576782214,0.5865085336842853,0.34163812453864645,0.46783702059828003,3,0,0,2,0,0,0,1,0,50
39,3,transition,3,0.75,0.5874125689960381,0.16810681576782216,0.6065085336842854,0.32163812453864643,0.44783702059828,2,0,0,4,0,0,0,0,0,50
39,4,resolution,3,0.75,0.507412568996038,0.09810681576782215,0.5665085336842853,0.39163812453864644,0.47783702059828004,2,0,0,0,2,0,0,2,0,50
39,5,dissolution,3,0.75,0.5974125689960381,0.15810681576782215,0.6365085336842854,0.3116381245386465,0.42783702059828,1,0,0,0,4,0,0,1,0,50
39,6,crystallization,3,0.75,0.517412568996038,0.10810681576782216,0.5765085336842853,0.38163812453864643,0.48783702059828,1,0,0,0,0,4,0,1,0,50
39,7,void,3,0.75,0.5374125689960381,0.11810681576782216,0.5865085336842853,0.34163812453864645,0.44783702059828,0,0,0,0,6,0,0,0,0,50
40,0,past,3,0.75,0.2834449889833738,0.3265057257931506,0.1757872024131782,0.8025876583055321,0.7666886631109443,0,4,0,0,0,0,2,0,0,50
40,1,present,3,0.75,0.32344498898337376,0.40650572579315064,0.1257872024131782,0.7825876583055321,0.7866886631109443,0,0,2,0,0,2,0,0,2,50
40,2,future,3,0.75,0.3034449889833738,0.4165057257931506,0.1257872024131782,0.7925876583055321,0.7966886631109443,3,0,0,2,0,0,0,1,0,50
40,3,transition,3,0.75,0.33344498898337377,0.3765057257931506,0.1457872024131782,0.7725876583055321,0.7766886631109443,1,0,0,4,0,0,0,1,0,50
40,4,resolution,3,0.75,0.25344498898337375,0.3065057257931506,0.1057872024131782,0.8425876583055322,0.8066886631109443,3,0,0,0,2,0,0,1,0,50
40,5,dissolution,3,0.75,0.3434449889833738,0.3665057257931506,0.1757872024131782,0.7625876583055321,0.7566886631109443,1,0,0,0,4,0,0,1,0,50
40,6,crystallization,3,0.75,0.26344498898337376,0.3165057257931506,0.1157872024131782,0.8325876583055322,0.8166886631109443,2,0,0,0,0,4,0,0,0,50
40,7,void,3,0.75,0.2834449889833738,0.3265057257931506,0.1257872024131782,0.7925876583055321,0.7766886631109443,0,0,0,0,6,0,0,0,0,50
41,0,past,1,0.25,0.17152596081940602,0.18020699921115726,0.1424261532801735,0.8771371923068659,0.7835030215997335,0,3,0,0,0,0,3,0,0,50
41,1,present,1,0.25,0.21152596081940603,0.26020699921115725,0.09242615328017348,0.8571371923068659,0.8035030215997335,0,0,2,0,0,2,0,0,2,50
41,2,future,1,0.25,0.191525960819406,0.27020699921115726,0.09242615328017348,0.8671371923068659,0.8135030215997335,2,0,0,2,0,0,0,2,0,50
41,3,transition,1,0.25,0.221525960819406,0.23020699921115728,0.11242615328017348,0.8471371923068659,0.7935030215997335,1,0,0,4,0,0,0,1,0,50
41,4,resolution,1,0.25,0.14152596081940602,0.16020699921115727,0.07242615328017347,0.917137192306866,0.8235030215997335,2,0,0,0,2,0,0,2,0,50
41,5,dissolution,1,0.25,0.23152596081940602,0.22020699921115727,0.1424261532801735,0.8371371923068659,0.7735030215997335,1,0,0,0,4,0,0,1,0,50
41,6,crystallization,1,0.25,0.15152596081940603,0.17020699921115726,0.08242615328017348,0.907137192306866,0.8335030215997336,1,0,0,0,0,4,0,1,0,50
41,7,void,1,0.25,0.17152596081940602,0.18020699921115726,0.09242615328017348,0.8671371923068659,0.7935030215997335,0,0,0,0,6,0,0,0,0,50
42,0,past,2,0.5,0.2285884122314433,0.32034922668443927,0.10784290275506506,0.8140036294323704,0.819364218359836,0,3,0,0,0,0,3,0,0,50
42,1,present,2,0.5,0.2685884122314433,0.4003492266844393,0.057842902755065054,0.7940036294323704,0.839364218359836,0,0,2,0,0,2,0,0,2,50
42,2,future,2,0.5,0.2485884122314433,0.4103492266844393,0.057842902755065054,0.8040036294323704,0.849364218359836,2,0,0,2,0,0,0,2,0,50
42,3,transition,2,0.5,0.2785884122314433,0.37034922668443926,0.07784290275506506,0.7840036294323703,0.829364218359836,1,0,0,4,0,0,0,1,0,50
42,4,resolution,2,0.5,0.1985884122314433,0.30034922668443925,0.03784290275506505,0.8540036294323704,0.859364218359836,2,0,0,0,2,0,0,2,0,50
42,5,dissolution,2,0.5,0.28858841223144327,0.36034922668443925,0.10784290275506506,0.7740036294323703,0.809364218359836,1,0,0,0,4,0,0,1,0,50
42,6,crystallization,2,0.5,0.2085884122314433,0.31034922668443926,0.04784290275506505,0.8440036294323704,0.869364218359836,1,0,0,0,0,4,0,1,0,50
42,7,void,2,0.5,0.2285884122314433,0.32034922668443927,0.057842902755065054,0.8040036294323704,0.829364218359836,0,0,0,0,6,0,0,0,0,50
43,0,past,1,0.25,0.24795469790489888,0.15254194707466076,0.20830557395941646,0.9063954032762638,0.9116018863319236,0,1,0,0,0,0,5,0,0,50
43,1,present,1,0.25,0.28795469790489886,0.23254194707466075,0.15830557395941644,0.8863954032762638,0.9316018863319236,0,0,1,0,0,2,0,0,3,50
43,2,future,1,0.25,0.2679546979048989,0.24254194707466076,0.15830557395941644,0.8963954032762638,0.9416018863319237,1,0,0,2,0,0,0,3,0,50
43,3,transition,1,0.25,0.29795469790489887,0.20254194707466078,0.17830557395941643,0.8763954032762638,0.9216018863319236,1,0,0,4,0,0,0,1,0,50
43,4,resolution,1,0.25,0.21795469790489888,0.13254194707466077,0.13830557395941645,0.9463954032762638,0.9516018863319237,0,0,0,0,2,0,0,4,0,50
43,5,dissolution,1,0.25,0.3079546979048989,0.19254194707466077,0.20830557395941646,0.8663954032762637,0.9016018863319236,0,0,0,0,4,0,0,2,0,50
43,6,crystallization,1,0.25,0.2279546979048989,0.14254194707466075,0.14830557395941643,0.9363954032762638,0.9616018863319237,0,0,0,0,0,4,0,2,0,50
43,7,void,1,0.25,0.24795469790489888,0.15254194707466076,0.15830557395941644,0.8963954032762638,0.9216018863319236,0,0,0,0,6,0,0,0,0,50
44,0,past,3,0.75,0.6025248339918167,0.2402047070220436,0.5144106424300638,0.3988519532928679,0.51272108309828,0,1,0,0,0,0,5,0,0,50
44,1,present,3,0.75,0.6425248339918167,0.3202047070220436,0.46441064243006386,0.37885195329286786,0.53272108309828,0,0,0,0,0,2,0,0,4,50
44,2,future,3,0.75,0.6225248339918167,0.33020470702204363,0.46441064243006386,0.38885195329286787,0.54272108309828,1,0,0,2,0,0,0,3,0,50
44,3,transition,3,0.75,0.6525248339918167,0.2902047070220436,0.4844106424300639,0.36885195329286785,0.52272108309828,0,0,0,4,0,0,0,2,0,50
44,4,resolution,3,0.75,0.5725248339918166,0.22020470702204362,0.44441064243006384,0.43885195329286786,0.55272108309828,1,0,0,0,2,0,0,3,0,50
44,5,dissolution,3,0.75,0.6625248339918166,0.2802047070220436,0.5144106424300638,0.3588519532928679,0.50272108309828,0,0,0,0,4,0,0,2,0,50
44,6,crystallization,3,0.75,0.5825248339918166,0.2302047070220436,0.45441064243006385,0.42885195329286785,0.5627210830982801,1,0,0,0,0,4,0,1,0,50
44,7,void,3,0.75,0.6025248339918167,0.2402047070220436,0.46441064243006386,0.38885195329286787,0.52272108309828,0,0,0,0,6,0,0,0,0,50
45,0,past,2,0.5,0.13090415305289455,0.29294676711298806,0.08282555900506505,0.8800027695109508,0.8367597404312873,0,4,0,0,0,0,2,0,0,50
45,1,present,2,0.5,0.17090415305289455,0.3729467671129881,0.03282555900506505,0.8600027695109508,0.8567597404312873,0,0,3,0,0,2,0,0,1,50
45,2,future,2,0.5,0.15090415305289454,0.38294676711298803,0.03282555900506505,0.8700027695109508,0.8667597404312873,3,0,0,2,0,0,0,1,0,50
45,3,transition,2,0.5,0.18090415305289453,0.34294676711298805,0.052825559005065054,0.8500027695109508,0.8467597404312873,2,0,0,4,0,0,0,0,0,50
45,4,resolution,2,0.5,0.10090415305289455,0.27294676711298804,0.01282555900506505,0.9200027695109508,0.8767597404312873,2,0,0,0,2,0,0,2,0,50
45,5,dissolution,2,0.5,0.19090415305289454,0.33294676711298804,0.08282555900506505,0.8400027695109508,0.8267597404312873,1,0,0,0,4,0,0,1,0,50
45,6,crystallization,2,0.5,0.11090415305289454,0.28294676711298805,0.022825559005065048,0.9100027695109508,0.8867597404312874,1,0,0,0,0,4,0,1,0,50
45,7,void,2,0.5,0.13090415305289455,0.29294676711298806,0.03282555900506505,0.8700027695109508,0.8467597404312873,0,0,0,0,6,0,0,0,0,50
46,0,past,2,0.5,0.2285884122314433,0.2977169987558905,0.10784290275506506,0.8140036294323704,0.8057848816027067,0,4,0,0,0,0,2,0,0,50
46,1,present,2,0.5,0.2685884122314433,0.37771699875589054,0.057842902755065054,0.7940036294323704,0.8257848816027067,0,0,2,0,0,2,0,0,2,50
46,2,future,2,0.5,0.2485884122314433,0.3877169987558905,0.057842902755065054,0.8040036294323704,0.8357848816027067,3,0,0,2,0,0,0,1,0,50
46,3,transition,2,0.5,0.2785884122314433,0.3477169987558905,0.07784290275506506,0.7840036294323703,0.8157848816027067,1,0,0,4,0,0,0,1,0,50
46,4,resolution,2,0.5,0.1985884122314433,0.2777169987558905,0.03784290275506505,0.8540036294323704,0.8457848816027067,3,0,0,0,2,0,0,1,0,50
46,5,dissolution,2,0.5,0.28858841223144327,0.3377169987558905,0.10784290275506506,0.7740036294323703,0.7957848816027067,1,0,0,0,4,0,0,1,0,50
46,6,crystallization,2,0.5,0.2085884122314433,0.2877169987558905,0.04784290275506505,0.8440036294323704,0.8557848816027067,2,0,0,0,0,4,0,0,0,50
46,7,void,2,0.5,0.2285884122314433,0.2977169987558905,0.057842902755065054,0.8040036294323704,0.8157848816027067,0,0,0,0,6,0,0,0,0,50
47,0,past,4,1.0,0.5454882454732252,0.10574361245335237,0.6709489117531496,0.3276121284714377,0.4097016294156283,0,3,0,0,0,0,3,0,0,50
47,1,present,4,1.0,0.5854882454732252,0.18574361245335236,0.6209489117531496,0.3076121284714377,0.42970162941562834,0,0,2,0,0,2,0,0,2,50
47,2,future,4,1.0,0.5654882454732252,0.19574361245335237,0.6209489117531496,0.3176121284714377,0.43970162941562835,3,0,0,2,0,0,0,1,0,50
47,3,transition,4,1.0,0.5954882454732252,0.1557436124533524,0.6409489117531496,0.2976121284714377,0.41970162941562833,2,0,0,4,0,0,0,0,0,50
47,4,resolution,4,1.0,0.5154882454732251,0.08574361245335237,0.6009489117531496,0.3676121284714377,0.4497016294156283,1,0,0,0,2,0,0,3,0,50
47,5,dissolution,4,1.0,0.6054882454732251,0.14574361245335238,0.6709489117531496,0.2876121284714377,0.3997016294156283,0,0,0,0,4,0,0,2,0,50
47,6,crystallization,4,1.0,0.5254882454732251,0.09574361245335238,0.6109489117531496,0.3576121284714377,0.4597016294156283,1,0,0,0,0,4,0,1,0,50
47,7,void,4,1.0,0.5454882454732252,0.10574361245335237,0.6209489117531496,0.3176121284714377,0.41970162941562833,0,0,0,0,6,0,0,0,0,50
48,0,past,1,0.25,0.19262459363190598,0.2395200005664037,0.19118983822916996,0.866587875900616,0.798788769016832,0,3,0,0,0,0,3,0,0,50
48,1,present,1,0.25,0.232624593631906,0.31952000056640373,0.14118983822916994,0.846587875900616,0.8187887690168321,0,0,1,0,0,2,0,0,3,50
48,2,future,1,0.25,0.21262459363190597,0.32952000056640374,0.14118983822916994,0.856587875900616,0.8287887690168321,3,0,0,2,0,0,0,1,0,50
48,3,transition,1,0.25,0.24262459363190597,0.2895200005664037,0.16118983822916993,0.836587875900616,0.808788769016832,1,0,0,4,0,0,0,1,0,50
48,4,resolution,1,0.25,0.16262459363190598,0.21952000056640372,0.12118983822916994,0.9065878759006161,0.8387887690168321,2,0,0,0,2,0,0,2,0,50
48,5,dissolution,1,0.25,0.252624593631906,0.2795200005664037,0.19118983822916996,0.826587875900616,0.788788769016832,0,0,0,0,4,0,0,2,0,50
48,6,crystallization,1,0.25,0.172624593631906,0.2295200005664037,0.13118983822916994,0.8965878759006161,0.8487887690168321,2,0,0,0,0,4,0,0,0,50
48,7,void,1,0.25,0.19262459363190598,0.2395200005664037,0.14118983822916994,0.856587875900616,0.808788769016832,0,0,0,0,6,0,0,0,0,50
49,0,past,4,1.0,0.49545270114981754,0.25286559826187116,0.4827453231063345,0.5188003642799566,0.6008898652241471,0,2,0,0,0,0,4,0,0,50
49,1,present,4,1.0,0.5354527011498176,0.3328655982618712,0.4327453231063345,0.49880036427995655,0.6208898652241471,0,0,2,0,0,2,0,0,2,50
49,2,future,4,1.0,0.5154527011498176,0.34286559826187113,0.4327453231063345,0.5088003642799566,0.6308898652241471,1,0,0,2,0,0,0,3,0,50
49,3,transition,4,1.0,0.5454527011498176,0.30286559826187115,0.45274532310633453,0.48880036427995655,0.6108898652241471,1,0,0,4,0,0,0,1,0,50
49,4,resolution,4,1.0,0.4654527011498175,0.23286559826187117,0.4127453231063345,0.5588003642799566,0.6408898652241471,1,0,0,0,2,0,0,3,0,50
49,5,dissolution,4,1.0,0.5554527011498176,0.29286559826187114,0.4827453231063345,0.47880036427995654,0.5908898652241471,1,0,0,0,4,0,0,1,0,50
49,6,crystallization,4,1.0,0.4754527011498175,0.24286559826187115,0.4227453231063345,0.5488003642799566,0.6508898652241472,0,0,0,0,0,4,0,2,0,50
49,7,void,4,1.0,0.49545270114981754,0.25286559826187116,0.4327453231063345,0.5088003642799566,0.6108898652241471,0,0,0,0,6,0,0,0,0,50
50,0,past,2,0.5,0.25599087180289454,0.202417855398793,0.2305445056836138,0.8161449591966289,0.8129296801169652,0,2,0,0,0,0,4,0,0,50
50,1,present,2,0.5,0.2959908718028945,0.282417855398793,0.1805445056836138,0.7961449591966289,0.8329296801169652,0,0,1,0,0,2,0,0,3,50
50,2,future,2,0.5,0.27599087180289456,0.292417855398793,0.1805445056836138,0.8061449591966289,0.8429296801169652,1,0,0,2,0,0,0,3,0,50
50,3,transition,2,0.5,0.3059908718028945,0.252417855398793,0.2005445056836138,0.7861449591966289,0.8229296801169652,0,0,0,4,0,0,0,2,0,50
50,4,resolution,2,0.5,0.22599087180289454,0.18241785539879302,0.1605445056836138,0.8561449591966289,0.8529296801169652,2,0,0,0,2,0,0,2,0,50
50,5,dissolution,2,0.5,0.31599087180289454,0.24241785539879301,0.2305445056836138,0.7761449591966288,0.8029296801169652,1,0,0,0,4,0,0,1,0,50
50,6,crystallization,2,0.5,0.23599087180289455,0.192417855398793,0.1705445056836138,0.8461449591966289,0.8629296801169652,1,0,0,0,0,4,0,1,0,50
50,7,void,2,0.5,0.25599087180289454,0.202417855398793,0.1805445056836138,0.8061449591966289,0.8229296801169652,0,0,0,0,6,0,0,0,0,50
51,0,past,3,0.75,0.6871806939960381,0.212534473276265,0.5795229074258424,0.3711817195470893,0.5420364756109443,0,4,0,0,0,0,2,0,0,50
51,1,present,3,0.75,0.7271806939960381,0.29253447327626503,0.5295229074258424,0.35118171954708927,0.5620364756109443,0,0,4,0,0,2,0,0,0,50
51,2,future,3,0.75,0.7071806939960381,0.30253447327626504,0.5295229074258424,0.3611817195470893,0.5720364756109443,2,0,0,2,0,0,0,2,0,50
51,3,transition,3,0.75,0.7371806939960381,0.262534473276265,0.5495229074258424,0.34118171954708926,0.5520364756109443,2,0,0,4,0,0,0,0,0,50
51,4,resolution,3,0.75,0.6571806939960381,0.19253447327626502,0.5095229074258424,0.41118171954708926,0.5820364756109443,2,0,0,0,2,0,0,2,0,50
51,5,dissolution,3,0.75,0.7471806939960381,0.252534473276265,0.5795229074258424,0.3311817195470893,0.5320364756109442,2,0,0,0,4,0,0,0,0,50
51,6,crystallization,3,0.75,0.6671806939960381,0.202534473276265,0.5195229074258424,0.40118171954708925,0.5920364756109443,0,0,0,0,0,4,0,2,0,50
51,7,void,3,0.75,0.6871806939960381,0.212534473276265,0.5295229074258424,0.3611817195470893,0.5520364756109443,0,0,0,0,6,0,0,0,0,50
52,0,past,0,0.0,0.10135442826887088,0.055744338683505486,0.24331723633246327,0.929085548632253,0.8370085777835486,0,4,0,0,0,0,2,0,0,50
52,1,present,0,0.0,0.14135442826887087,0.1357443386835055,0.19331723633246325,0.909085548632253,0.8570085777835487,0,0,2,0,0,2,0,0,2,50
52,2,future,0,0.0,0.12135442826887088,0.14574433868350548,0.19331723633246325,0.919085548632253,0.8670085777835487,2,0,0,2,0,0,0,2,0,50
52,3,transition,0,0.0,0.15135442826887088,0.1057443386835055,0.21331723633246324,0.899085548632253,0.8470085777835487,0,0,0,4,0,0,0,2,0,50
52,4,resolution,0,0.0,0.07135442826887088,0.03574433868350549,0.17331723633246326,0.969085548632253,0.8770085777835487,4,0,0,0,2,0,0,0,0,50
52,5,dissolution,0,0.0,0.16135442826887086,0.09574433868350549,0.24331723633246327,0.889085548632253,0.8270085777835486,2,0,0,0,4,0,0,0,0,50
52,6,crystallization,0,0.0,0.08135442826887088,0.045744338683505484,0.18331723633246325,0.959085548632253,0.8870085777835487,2,0,0,0,0,4,0,0,0,50
52,7,void,0,0.0,0.10135442826887088,0.055744338683505486,0.19331723633246325,0.919085548632253,0.8470085777835487,0,0,0,0,6,0,0,0,0,50
53,0,past,1,0.25,0.213723226444406,0.22240426483615727,0.1271404058630749,0.8649947170677146,0.792459179173082,0,3,0,0,0,0,3,0,0,50
53,1,present,1,0.25,0.253723226444406,0.3024042648361573,0.0771404058630749,0.8449947170677146,0.812459179173082,0,0,1,0,0,2,0,0,3,50
53,2,future,1,0.25,0.233723226444406,0.31240426483615724,0.0771404058630749,0.8549947170677146,0.822459179173082,2,0,0,2,0,0,0,2,0,50
53,3,transition,1,0.25,0.263723226444406,0.27240426483615726,0.0971404058630749,0.8349947170677146,0.802459179173082,0,0,0,4,0,0,0,2,0,50
53,4,resolution,1,0.25,0.183723226444406,0.20240426483615728,0.057140405863074895,0.9049947170677146,0.832459179173082,3,0,0,0,2,0,0,1,0,50
53,5,dissolution,1,0.25,0.273723226444406,0.26240426483615725,0.1271404058630749,0.8249947170677145,0.7824591791730819,1,0,0,0,4,0,0,1,0,50
53,6,crystallization,1,0.25,0.193723226444406,0.21240426483615726,0.0671404058630749,0.8949947170677146,0.842459179173082,2,0,0,0,0,4,0,0,0,50
53,7,void,1,0.25,0.213723226444406,0.22240426483615727,0.0771404058630749,0.8549947170677146,0.802459179173082,0,0,0,0,6,0,0,0,0,50
54,0,past,3,0.75,0.2183327239875952,0.4486036170473721,0.1705821874173996,0.8055092820470894,0.7621218806025014,0,3,0,0,0,0,3,0,0,50
54,1,present,3,0.75,0.2583327239875952,0.5286036170473721,0.12058218741739962,0.7855092820470894,0.7821218806025014,0,0,3,0,0,2,0,0,1,50
54,2,future,3,0.75,0.2383327239875952,0.5386036170473721,0.12058218741739962,0.7955092820470894,0.7921218806025014,2,0,0,2,0,0,0,2,0,50
54,3,transition,3,0.75,0.2683327239875952,0.4986036170473721,0.1405821874173996,0.7755092820470894,0.7721218806025014,2,0,0,4,0,0,0,0,0,50
54,4,resolution,3,0.75,0.1883327239875952,0.4286036170473721,0.10058218741739962,0.8455092820470894,0.8021218806025014,1,0,0,0,2,0,0,3,0,50
54,5,dissolution,3,0.75,0.27833272398759523,0.4886036170473721,0.1705821874173996,0.7655092820470893,0.7521218806025014,1,0,0,0,4,0,0,1,0,50
54,6,crystallization,3,0.75,0.19833272398759522,0.4386036170473721,0.11058218741739963,0.8355092820470894,0.8121218806025015,0,0,0,0,0,4,0,2,0,50
54,7,void,3,0.75,0.2183327239875952,0.4486036170473721,0.12058218741739962,0.7955092820470894,0.7721218806025014,0,0,0,0,6,0,0,0,0,50
55,0,past,3,0.75,0.6399668652418167,0.18486423953048642,0.5127654836631782,0.35328328330553216,0.5143662418651657,0,3,0,0,0,0,3,0,0,50
55,1,present,3,0.75,0.6799668652418167,0.26486423953048643,0.4627654836631782,0.33328328330553214,0.5343662418651657,0,0,2,0,0,2,0,0,2,50
55,2,future,3,0.75,0.6599668652418167,0.27486423953048644,0.4627654836631782,0.34328328330553215,0.5443662418651657,1,0,0,2,0,0,0,3,0,50
55,3,transition,3,0.75,0.6899668652418167,0.2348642395304864,0.48276548366317823,0.32328328330553213,0.5243662418651657,0,0,0,4,0,0,0,2,0,50
55,4,resolution,3,0.75,0.6099668652418166,0.16486423953048643,0.4427654836631782,0.39328328330553214,0.5543662418651657,3,0,0,0,2,0,0,1,0,50
55,5,dissolution,3,0.75,0.6999668652418167,0.22486423953048643,0.5127654836631782,0.3132832833055321,0.5043662418651657,2,0,0,0,4,0,0,0,0,50
55,6,crystallization,3,0.75,0.6199668652418167,0.1748642395304864,0.4527654836631782,0.38328328330553213,0.5643662418651657,1,0,0,0,0,4,0,1,0,50
55,7,void,3,0.75,0.6399668652418167,0.18486423953048642,0.4627654836631782,0.34328328330553215,0.5243662418651657,0,0,0,0,6,0,0,0,0,50
56,0,past,2,0.5,0.2940999801956383,0.2703145391844393,0.24602138614780888,0.741824286118207,0.7438457128956408,0,3,0,0,0,0,3,0,0,50
56,1,present,2,0.5,0.3340999801956383,0.35031453918443933,0.19602138614780887,0.721824286118207,0.7638457128956408,0,0,3,0,0,2,0,0,1,50
56,2,future,2,0.5,0.31409998019563834,0.36031453918443934,0.19602138614780887,0.731824286118207,0.7738457128956409,1,0,0,2,0,0,0,3,0,50
56,3,transition,2,0.5,0.3440999801956383,0.3203145391844393,0.21602138614780886,0.711824286118207,0.7538457128956408,1,0,0,4,0,0,0,1,0,50
56,4,resolution,2,0.5,0.2640999801956383,0.2503145391844393,0.17602138614780888,0.7818242861182071,0.7838457128956409,2,0,0,0,2,0,0,2,0,50
56,5,dissolution,2,0.5,0.3540999801956383,0.3103145391844393,0.24602138614780888,0.701824286118207,0.7338457128956408,2,0,0,0,4,0,0,0,0,50
56,6,crystallization,2,0.5,0.2740999801956383,0.2603145391844393,0.18602138614780886,0.7718242861182071,0.7938457128956409,0,0,0,0,0,4,0,2,0,50
56,7,void,2,0.5,0.2940999801956383,0.2703145391844393,0.19602138614780887,0.731824286118207,0.7538457128956408,0,0,0,0,6,0,0,0,0,50
57,0,past,1,0.25,0.16495954149540953,0.19075631561740727,0.1529754696864235,0.9005825178808624,0.8370031375595784,0,2,0,0,0,0,4,0,0,50
57,1,present,1,0.25,0.20495954149540954,0.27075631561740726,0.10297546968642349,0.8805825178808624,0.8570031375595785,0,0,0,0,0,2,0,0,4,50
57,2,future,1,0.25,0.18495954149540952,0.28075631561740727,0.10297546968642349,0.8905825178808624,0.8670031375595785,2,0,0,2,0,0,0,2,0,50
57,3,transition,1,0.25,0.21495954149540952,0.2407563156174073,0.12297546968642349,0.8705825178808624,0.8470031375595785,0,0,0,4,0,0,0,2,0,50
57,4,resolution,1,0.25,0.13495954149540954,0.17075631561740728,0.08297546968642348,0.9405825178808624,0.8770031375595785,2,0,0,0,2,0,0,2,0,50
57,5,dissolution,1,0.25,0.22495954149540953,0.23075631561740728,0.1529754696864235,0.8605825178808624,0.8270031375595784,0,0,0,0,4,0,0,2,0,50
57,6,crystallization,1,0.25,0.14495954149540954,0.18075631561740726,0.09297546968642349,0.9305825178808624,0.8870031375595785,2,0,0,0,0,4,0,0,0,50
57,7,void,1,0.25,0.16495954149540953,0.19075631561740727,0.10297546968642349,0.8905825178808624,0.8470031375595785,0,0,0,0,6,0,0,0,0,50
58,0,past,2,0.5,0.13090415305289455,0.3834756788271831,0.08282555900506505,0.8800027695109508,0.8458126316027067,0,2,0,0,0,0,4,0,0,50
58,1,present,2,0.5,0.17090415305289455,0.4634756788271831,0.03282555900506505,0.8600027695109508,0.8658126316027067,0,0,2,0,0,2,0,0,2,50
58,2,future,2,0.5,0.15090415305289454,0.4734756788271831,0.03282555900506505,0.8700027695109508,0.8758126316027067,2,0,0,2,0,0,0,2,0,50
58,3,transition,2,0.5,0.18090415305289453,0.4334756788271831,0.052825559005065054,0.8500027695109508,0.8558126316027067,2,0,0,4,0,0,0,0,0,50
58,4,resolution,2,0.5,0.10090415305289455,0.36347567882718307,0.01282555900506505,0.9200027695109508,0.8858126316027067,0,0,0,0,2,0,0,4,0,50
58,5,dissolution,2,0.5,0.19090415305289454,0.42347567882718307,0.08282555900506505,0.8400027695109508,0.8358126316027067,0,0,0,0,4,0,0,2,0,50
58,6,crystallization,2,0.5,0.11090415305289454,0.3734756788271831,0.022825559005065048,0.9100027695109508,0.8958126316027067,0,0,0,0,0,4,0,2,0,50
58,7,void,2,0.5,0.13090415305289455,0.3834756788271831,0.03282555900506505,0.8700027695109508,0.8558126316027067,0,0,0,0,6,0,0,0,0,50
59,0,past,3,0.75,0.20856092648337382,0.14742220828048644,0.20345743615895678,0.8498014870597536,0.7666886631109443,0,3,0,0,0,0,3,0,0,50
59,1,present,3,0.75,0.24856092648337383,0.22742220828048643,0.15345743615895677,0.8298014870597535,0.7866886631109443,0,0,1,0,0,2,0,0,3,50
59,2,future,3,0.75,0.2285609264833738,0.23742220828048644,0.15345743615895677,0.8398014870597535,0.7966886631109443,3,0,0,2,0,0,0,1,0,50
59,3,transition,3,0.75,0.2585609264833738,0.19742220828048646,0.17345743615895676,0.8198014870597535,0.7766886631109443,1,0,0,4,0,0,0,1,0,50
59,4,resolution,3,0.75,0.17856092648337382,0.12742220828048645,0.13345743615895678,0.8898014870597536,0.8066886631109443,2,0,0,0,2,0,0,2,0,50
59,5,dissolution,3,0.75,0.2685609264833738,0.18742220828048645,0.20345743615895678,0.8098014870597535,0.7566886631109443,0,0,0,0,4,0,0,2,0,50
59,6,crystallization,3,0.75,0.18856092648337383,0.13742220828048643,0.14345743615895676,0.8798014870597536,0.8166886631109443,2,0,0,0,0,4,0,0,0,50
59,7,void,3,0.75,0.20856092648337382,0.14742220828048644,0.15345743615895677,0.8398014870597535,0.7766886631109443,0,0,0,0,6,0,0,0,0,50
60,0,past,1,0.25,0.16495954149540953,0.13542621134441432,0.20173915463541991,0.8942529280371124,0.788239452610582,0,3,0,0,0,0,3,0,0,50
60,1,present,1,0.25,0.20495954149540954,0.2154262113444143,0.15173915463541993,0.8742529280371124,0.808239452610582,0,0,2,0,0,2,0,0,2,50
60,2,future,1,0.25,0.18495954149540952,0.22542621134441432,0.15173915463541993,0.8842529280371124,0.8182394526105821,3,0,0,2,0,0,0,1,0,50
60,3,transition,1,0.25,0.21495954149540952,0.18542621134441434,0.17173915463541992,0.8642529280371124,0.798239452610582,2,0,0,4,0,0,0,0,0,50
60,4,resolution,1,0.25,0.13495954149540954,0.11542621134441432,0.13173915463541994,0.9342529280371125,0.8282394526105821,1,0,0,0,2,0,0,3,0,50
60,5,dissolution,1,0.25,0.22495954149540953,0.17542621134441433,0.20173915463541991,0.8542529280371124,0.778239452610582,0,0,0,0,4,0,0,2,0,50
60,6,crystallization,1,0.25,0.14495954149540954,0.1254262113444143,0.14173915463541992,0.9242529280371125,0.8382394526105821,1,0,0,0,0,4,0,1,0,50
60,7,void,1,0.25,0.16495954149540953,0.13542621134441432,0.15173915463541993,0.8842529280371124,0.798239452610582,0,0,0,0,6,0,0,0,0,50
61,0,past,1,0.25,0.11619585654641307,0.16309126348091077,0.11476110114367702,0.9277308655690104,0.8599317586852264,0,2,0,0,0,0,4,0,0,50
61,1,present,1,0.25,0.15619585654641308,0.24309126348091076,0.06476110114367702,0.9077308655690104,0.8799317586852264,0,0,1,0,0,2,0,0,3,50
61,2,future,1,0.25,0.13619585654641306,0.25309126348091077,0.06476110114367702,0.9177308655690104,0.8899317586852264,2,0,0,2,0,0,0,2,0,50
61,3,transition,1,0.25,0.16619585654641306,0.2130912634809108,0.08476110114367702,0.8977308655690104,0.8699317586852264,1,0,0,4,0,0,0,1,0,50
61,4,resolution,1,0.25,0.08619585654641307,0.14309126348091078,0.04476110114367701,0.9677308655690104,0.8999317586852265,1,0,0,0,2,0,0,3,0,50
61,5,dissolution,1,0.25,0.17619585654641307,0.20309126348091078,0.11476110114367702,0.8877308655690104,0.8499317586852264,0,0,0,0,4,0,0,2,0,50
61,6,crystallization,1,0.25,0.09619585654641306,0.15309126348091076,0.054761101143677014,0.9577308655690104,0.9099317586852265,1,0,0,0,0,4,0,1,0,50
61,7,void,1,0.25,0.11619585654641307,0.16309126348091077,0.06476110114367702,0.9177308655690104,0.8699317586852264,0,0,0,0,6,0,0,0,0,50
62,0,past,2,0.5,0.24883552433854078,0.15238316789879303,0.24840650196926012,0.8197279074038533,0.7824423934027702,0,4,0,0,0,0,2,0,0,50
62,1,present,2,0.5,0.28883552433854076,0.23238316789879304,0.1984065019692601,0.7997279074038532,0.8024423934027702,0,0,3,0,0,2,0,0,1,50
62,2,future,2,0.5,0.2688355243385408,0.24238316789879302,0.1984065019692601,0.8097279074038533,0.8124423934027702,2,0,0,2,0,0,0,2,0,50
62,3,transition,2,0.5,0.29883552433854077,0.20238316789879301,0.2184065019692601,0.7897279074038532,0.7924423934027702,1,0,0,4,0,0,0,1,0,50
62,4,resolution,2,0.5,0.21883552433854078,0.13238316789879304,0.1784065019692601,0.8597279074038533,0.8224423934027703,3,0,0,0,2,0,0,1,0,50
62,5,dissolution,2,0.5,0.3088355243385408,0.19238316789879303,0.24840650196926012,0.7797279074038532,0.7724423934027702,2,0,0,0,4,0,0,0,0,50
62,6,crystallization,2,0.5,0.2288355243385408,0.14238316789879302,0.1884065019692601,0.8497279074038533,0.8324423934027703,1,0,0,0,0,4,0,1,0,50
62,7,void,2,0.5,0.24883552433854078,0.15238316789879303,0.1984065019692601,0.8097279074038533,0.7924423934027702,0,0,0,0,6,0,0,0,0,50
63,0,past,2,0.5,0.3584453626243458,0.10711871204169549,0.4306832556836138,0.5909888654466289,0.5956391941027068,0,3,0,0,0,0,3,0,0,50
63,1,present,2,0.5,0.39844536262434577,0.1871187120416955,0.38068325568361383,0.5709888654466289,0.6156391941027068,0,0,2,0,0,2,0,0,2,50
63,2,future,2,0.5,0.3784453626243458,0.19711871204169548,0.38068325568361383,0.5809888654466289,0.6256391941027069,2,0,0,2,0,0,0,2,0,50
63,3,transition,2,0.5,0.4084453626243458,0.15711871204169547,0.40068325568361385,0.5609888654466288,0.6056391941027068,1,0,0,4,0,0,0,1,0,50
63,4,resolution,2,0.5,0.32844536262434576,0.08711871204169548,0.3606832556836138,0.6309888654466289,0.6356391941027069,2,0,0,0,2,0,0,2,0,50
63,5,dissolution,2,0.5,0.4184453626243458,0.1471187120416955,0.4306832556836138,0.5509888654466288,0.5856391941027068,1,0,0,0,4,0,0,1,0,50
63,6,crystallization,2,0.5,0.33844536262434577,0.09711871204169549,0.3706832556836138,0.6209888654466289,0.6456391941027069,1,0,0,0,0,4,0,1,0,50
63,7,void,2,0.5,0.3584453626243458,0.10711871204169549,0.38068325568361383,0.5809888654466289,0.6056391941027068,0,0,0,0,6,0,0,0,0,50
64,0,past,3,0.75,0.30298858399181666,0.287418535776265,0.19533079742162102,0.7732722657928679,0.7471450681025015,0,3,0,0,0,0,3,0,0,50
64,1,present,3,0.75,0.34298858399181664,0.36741853577626504,0.14533079742162103,0.7532722657928679,0.7671450681025015,0,0,2,0,0,2,0,0,2,50
64,2,future,3,0.75,0.3229885839918167,0.37741853577626505,0.14533079742162103,0.7632722657928679,0.7771450681025015,2,0,0,2,0,0,0,2,0,50
64,3,transition,3,0.75,0.35298858399181665,0.337418535776265,0.16533079742162102,0.7432722657928679,0.7571450681025015,1,0,0,4,0,0,0,1,0,50
64,4,resolution,3,0.75,0.2729885839918167,0.267418535776265,0.12533079742162104,0.8132722657928679,0.7871450681025015,2,0,0,0,2,0,0,2,0,50
64,5,dissolution,3,0.75,0.36298858399181666,0.327418535776265,0.19533079742162102,0.7332722657928679,0.7371450681025015,1,0,0,0,4,0,0,1,0,50
64,6,crystallization,3,0.75,0.28298858399181664,0.277418535776265,0.13533079742162102,0.8032722657928679,0.7971450681025015,1,0,0,0,0,4,0,1,0,50
64,7,void,3,0.75,0.30298858399181666,0.287418535776265,0.14533079742162103,0.7632722657928679,0.7571450681025015,0,0,0,0,6,0,0,0,0,50
