hexagram_id,phase_bits,phase_temporal,porosity,porosity_norm,chaos,whimsy,darkTone,coherence,voiceWeight,young_yin,old_yin,stable_yin,new_yao,old_yao,stable_yao,old_yang,new_yang,stable_yang,emotional_input
1,0,past,1,0.25,0.16500101562500002,0.102757109375,0.19419609375000002,0.576740625,0.6346558593749999,0,0,0,0,0,0,6,0,0,
1,1,present,1,0.25,0.115416328125,0.182757109375,0.06207679687500001,0.51194828125,0.5352096093750001,0,0,0,0,0,2,0,0,4,
1,2,future,1,0.25,0.095416328125,0.192757109375,0.06207679687500001,0.52194828125,0.5452096093750001,0,0,0,2,0,0,0,4,0,
1,3,transition,1,0.25,0.170208671875,0.17515328125000001,0.067146015625,0.41236359375,0.45055570312499993,0,0,0,4,0,0,0,2,0,
1,4,resolution,1,0.25,0.045416328125,0.082757109375,0.071938359375,0.5719482812500001,0.5552096093750001,0,0,0,0,2,0,0,4,0,
1,5,dissolution,1,0.25,0.180208671875,0.16515328125,0.15686914062500001,0.40236359374999997,0.4305557031249999,0,0,0,0,4,0,0,2,0,
1,6,crystallization,2,0.5,0.09545796875,0.14637218749999997,0.03737223958333332,0.5551615624999999,0.5622686979166667,0,0,0,0,0,4,0,2,0,
1,7,void,2,0.5,0.15074890625,0.191663125,0.10619046875,0.49751609375000005,0.49874140624999996,0,0,0,0,6,0,0,0,0,
2,0,past,1,0.25,0.0454578125,0.14260484375000002,0.09918203125,0.45331929687499994,0.43968312499999995,0,6,0,0,0,0,0,0,0,
2,1,present,1,0.25,0.10785398437499999,0.25246640625,0.04918203125,0.4333192968749999,0.4298215625,0,0,4,0,0,2,0,0,0,
2,2,future,1,0.25,0.087853984375,0.26246640625,0.04918203125,0.44331929687499994,0.4398215625,4,0,0,2,0,0,0,0,0,
2,3,transition,1,0.25,0.16264632812499996,0.207535625,0.06918203125,0.400923125,0.40489078125,2,0,0,4,0,0,0,0,0,
2,4,resolution,1,0.25,0.037853984375,0.15246640625000002,0.02918203125,0.4933192968749999,0.44982156249999994,4,0,0,0,2,0,0,0,0,
2,5,dissolution,1,0.25,0.17264632812499997,0.197535625,0.143974375,0.39092312500000004,0.38489078125,2,0,0,0,4,0,0,0,0,
2,6,crystallization,2,0.5,0.09196765624999999,0.16201395833333332,0.0595421875,0.547793125,0.5304034375000001,2,0,0,0,0,4,0,0,0,
2,7,void,2,0.5,0.14725859375,0.1602503125,0.1401240625,0.507793125,0.49040343750000004,0,0,0,0,6,0,0,0,0,
3,0,past,3,0.75,0.12996215625000002,0.25482485416666667,0.13500944270833334,0.6090583333333334,0.5929918697916667,0,4,0,0,0,0,2,0,0,
3,1,present,3,0.75,0.16996215625000002,0.3348248541666667,0.0807111875,0.5718653125000001,0.5872023385416666,0,0,2,0,0,2,0,0,2,
3,2,future,3,0.75,0.14996215625,0.36201787500000004,0.0807111875,0.5689705468749999,0.5843075729166666,3,0,0,2,0,0,0,1,0,
3,3,transition,3,0.75,0.20145343229166668,0.3134213645833333,0.10071118750000001,0.523181015625,0.5471145520833333,1,0,0,4,0,0,0,1,0,
3,4,resolution,3,0.75,0.09996215625000002,0.252017875,0.06930769791666666,0.618970546875,0.5943075729166666,3,0,0,0,2,0,0,1,0,
3,5,dissolution,3,0.75,0.2114534322916667,0.3034213645833333,0.1650972291666667,0.513181015625,0.5271145520833332,1,0,0,0,4,0,0,1,0,
3,6,crystallization,4,1.0,0.1368375625,0.30328112500000004,0.07016825000000002,0.6761590625,0.6619494375,2,0,0,0,0,4,0,0,0,
3,7,void,4,1.0,0.17312568750000001,0.30785175000000004,0.11274450000000001,0.6361590625,0.6219494375,0,0,0,0,6,0,0,0,0,
4,0,past,2,0.5,0.10289284374999999,0.14126042708333336,0.17987288541666663,0.5516052041666666,0.5491367395833333,0,4,0,0,0,0,2,0,0,
4,1,present,2,0.5,0.14289284375,0.24478771875,0.1239910625,0.49043244375000006,0.5162003333333333,0,0,3,0,0,2,0,0,1,
4,2,future,2,0.5,0.12289284375,0.25478771875,0.1239910625,0.5004324437500001,0.5262003333333333,3,0,0,2,0,0,0,1,0,
4,3,transition,2,0.5,0.20582924999999996,0.22655136458333336,0.1439910625,0.44514150624999993,0.47679121874999997,2,0,0,4,0,0,0,0,0,
4,4,resolution,2,0.5,0.07289284374999999,0.12126042708333333,0.12751835416666668,0.5680779125000001,0.5538458020833334,2,0,0,0,2,0,0,2,0,
4,5,dissolution,2,0.5,0.19230195833333333,0.19302407291666665,0.22104564583333336,0.4351415062499999,0.46267304166666656,1,0,0,0,4,0,0,1,0,
4,6,crystallization,3,0.75,0.10614866666666666,0.16261506770833334,0.11969190625,0.6034946343750001,0.6102669583333333,1,0,0,0,0,4,0,1,0,
4,7,void,3,0.75,0.16913121875,0.181211578125,0.18127096875,0.563494634375,0.5659687031249999,0,0,0,0,6,0,0,0,0,
5,0,past,1,0.25,0.085770921875,0.09823909375,0.19729859375000003,0.5324524375000002,0.559129375,0,2,0,0,0,0,4,0,0,
5,1,present,1,0.25,0.125770921875,0.17823909375,0.10250625000000002,0.460194703125,0.4970100781249999,0,0,1,0,0,2,0,0,3,
5,2,future,1,0.25,0.105770921875,0.21810065625000002,0.08757546875,0.44779853125,0.48461390624999995,2,0,0,2,0,0,0,2,0,
5,3,transition,1,0.25,0.17309787499999996,0.1930314375,0.10757546875,0.360610015625,0.412356171875,1,0,0,4,0,0,0,1,0,
5,4,resolution,1,0.25,0.055770921875000004,0.07823909374999999,0.11236781250000001,0.520194703125,0.5170100781249999,1,0,0,0,2,0,0,3,0,
5,5,dissolution,1,0.25,0.21295943749999996,0.15316987499999998,0.212229375,0.37300618750000003,0.4147523437499999,0,0,0,0,4,0,0,2,0,
5,6,crystallization,2,0.5,0.10020220833333332,0.15058641666666664,0.08979156249999999,0.51603128125,0.5362852604166666,1,0,0,0,0,4,0,1,0,
5,7,void,2,0.5,0.1790204375,0.17235006249999998,0.1703734375,0.47603128125,0.49040343750000004,0,0,0,0,6,0,0,0,0,
6,0,past,4,1.0,0.1064219375,0.1787101875,0.20292187499999997,0.722868375,0.7076615625,0,2,0,0,0,0,4,0,0,
6,1,present,4,1.0,0.1464219375,0.2587101875,0.13663375,0.6838655625,0.6978,0,0,1,0,0,2,0,0,3,
6,2,future,4,1.0,0.1264219375,0.2795689375,0.13120437499999998,0.6857215000000001,0.6996559375,2,0,0,2,0,0,0,2,0,
6,3,transition,4,1.0,0.169995375,0.24499831249999998,0.15120437499999997,0.6412893125000001,0.660653125,1,0,0,4,0,0,0,1,0,
6,4,resolution,4,1.0,0.0764219375,0.15871018750000002,0.1274925,0.7438655625,0.7178,1,0,0,0,2,0,0,3,0,
6,5,dissolution,4,1.0,0.19085412499999999,0.2241395625,0.20835125,0.6394333750000001,0.6487971875,0,0,0,0,4,0,0,2,0,
6,6,crystallization,4,1.0,0.09999537499999998,0.18499831249999998,0.12120437499999999,0.7012893125000002,0.700653125,1,0,0,0,0,4,0,1,0,
6,7,void,4,1.0,0.14714225,0.2004276875,0.163780625,0.6612893125000001,0.6579384374999999,0,0,0,0,6,0,0,0,0,
7,0,past,0,0.0,0.09471,0.11384208333333334,0.148628125,0.35361916666666665,0.3789258333333333,0,5,0,0,0,0,1,0,0,
7,1,present,0,0.0,0.13471,0.21194000000000002,0.098628125,0.31552125,0.3536810416666667,0,0,3,0,0,2,0,0,1,
7,2,future,0,0.0,0.14185687500000002,0.25813583333333334,0.098628125,0.29837437499999997,0.3365341666666667,4,0,0,2,0,0,0,0,0,
7,3,transition,0,0.0,0.226150625,0.20003791666666665,0.118628125,0.2512275,0.29843624999999996,2,0,0,4,0,0,0,0,0,
7,4,resolution,0,0.0,0.06471,0.11194000000000003,0.09672604166666664,0.37552125,0.3736810416666667,3,0,0,0,2,0,0,1,0,
7,5,dissolution,0,0.0,0.19995479166666666,0.15384208333333332,0.22101979166666663,0.2412275,0.2874852083333333,1,0,0,0,4,0,0,1,0,
7,6,crystallization,1,0.25,0.14447746874999998,0.153294640625,0.09677218750000001,0.409091984375,0.42761373437499994,2,0,0,0,0,4,0,0,0,
7,7,void,1,0.25,0.20926981250000004,0.14836385937500002,0.19635687500000001,0.369091984375,0.38761373437499996,0,0,0,0,6,0,0,0,0,
8,0,past,2,0.5,0.0862556875,0.15151160416666667,0.14979156249999998,0.5376232708333334,0.5301468541666666,0,5,0,0,0,0,1,0,0,
8,1,present,2,0.5,0.1262556875,0.24327525,0.09979156249999999,0.505859625,0.5207377395833334,0,0,3,0,0,2,0,0,1,
8,2,future,2,0.5,0.12390115624999999,0.2768025416666666,0.09979156249999999,0.49821415625000004,0.5130922708333333,4,0,0,2,0,0,0,0,0,
8,3,transition,2,0.5,0.18919209375,0.2250388958333333,0.11979156249999999,0.4605686875,0.481328625,2,0,0,4,0,0,0,0,0,
8,4,resolution,2,0.5,0.0562556875,0.14327525000000002,0.09155520833333332,0.5658596250000001,0.5407377395833334,3,0,0,0,2,0,0,1,0,
8,5,dissolution,2,0.5,0.1756648020833333,0.19151160416666668,0.19684614583333332,0.4505686875,0.4672104479166666,1,0,0,0,4,0,0,1,0,
8,6,crystallization,3,0.75,0.11118376562499997,0.17870282291666667,0.10200765625,0.61476834375,0.6092844999999999,2,0,0,0,0,4,0,0,0,
8,7,void,3,0.75,0.156973296875,0.18010631249999998,0.16358671875,0.57476834375,0.5692844999999999,0,0,0,0,6,0,0,0,0,
9,0,past,2,0.5,0.10205258333333335,0.14058821875000002,0.19020808854166665,0.6187924270833334,0.6381707333333333,0,1,0,0,0,0,5,0,0,
9,1,present,2,0.5,0.11264346875,0.22647004166666668,0.08433077083333332,0.55173784375,0.5699433895833333,0,0,1,0,0,2,0,0,3,
9,2,future,2,0.5,0.09264346875,0.23647004166666666,0.08433077083333332,0.56173784375,0.5799433895833334,1,0,0,2,0,0,0,3,0,
9,3,transition,2,0.5,0.15205258333333332,0.23176097916666666,0.092567125,0.47115596875,0.5011251604166667,1,0,0,4,0,0,0,1,0,
9,4,resolution,2,0.5,0.06028893749999999,0.12058821875000002,0.09962170833333332,0.6293833125,0.6075888583333333,0,0,0,0,2,0,0,4,0,
9,5,dissolution,2,0.5,0.18557987499999998,0.1982336875,0.18138535416666668,0.47880143750000004,0.4987706291666667,0,0,0,0,4,0,0,2,0,
9,6,crystallization,3,0.75,0.10123637499999998,0.16642209375,0.09070938541666665,0.63539996875,0.6366459645833333,0,0,0,0,0,4,0,2,0,
9,7,void,3,0.75,0.14702590625,0.202211625,0.1436919375,0.582505203125,0.57945294375,0,0,0,0,6,0,0,0,0,
10,0,past,2,0.5,0.09604148958333335,0.12480425,0.17632440104166663,0.6282938333333333,0.6475170145833333,0,1,0,0,0,0,5,0,0,
10,1,present,2,0.5,0.12427784375,0.20480425000000002,0.08221072916666666,0.57888471875,0.5969351395833333,0,0,0,0,0,2,0,0,4,
10,2,future,2,0.5,0.086632375,0.22068607291666664,0.07044708333333333,0.57123925,0.5892896708333334,1,0,0,2,0,0,0,3,0,
10,3,transition,2,0.5,0.16956878125,0.19244971875,0.09044708333333333,0.4983028437499999,0.5281169104166666,0,0,0,4,0,0,0,2,0,
10,4,resolution,2,0.5,0.036632374999999995,0.11068607291666664,0.073974375,0.62123925,0.5992896708333334,1,0,0,0,2,0,0,3,0,
10,5,dissolution,2,0.5,0.17956878124999998,0.18244971875000002,0.16750166666666666,0.4883028437499999,0.5081169104166666,0,0,0,0,4,0,0,2,0,
10,6,crystallization,3,0.75,0.06920952604166666,0.1459779114583333,0.06361421874999999,0.6367573125,0.6389340583333333,1,0,0,0,0,4,0,1,0,
10,7,void,3,0.75,0.13219207812500003,0.164574421875,0.12519328125,0.5967573125,0.594635803125,0,0,0,0,6,0,0,0,0,
11,0,past,1,0.25,0.044430109375,0.092363734375,0.1273469140625,0.56429184375,0.54621521875,0,3,0,0,0,0,3,0,0,
11,1,present,1,0.25,0.084430109375,0.187294515625,0.04375265625,0.477103328125,0.4915613124999999,0,0,2,0,0,2,0,0,2,
11,2,future,1,0.25,0.064430109375,0.197294515625,0.04375265625,0.487103328125,0.5015613124999999,2,0,0,2,0,0,0,2,0,
11,3,transition,1,0.25,0.13175706249999997,0.172225296875,0.06375265625,0.3999148125,0.429303578125,1,0,0,4,0,0,0,1,0,
11,4,resolution,1,0.25,0.014430109375,0.087294515625,0.05361421875,0.5371033281250001,0.5115613124999999,2,0,0,0,2,0,0,2,0,
11,5,dissolution,1,0.25,0.14175706249999998,0.162225296875,0.15347578125,0.38991481250000004,0.40930357812499996,1,0,0,0,4,0,0,1,0,
11,6,crystallization,2,0.5,0.05940433333333332,0.11362788541666667,0.0486834375,0.5527571250000001,0.5562188229166667,1,0,0,0,0,4,0,1,0,
11,7,void,2,0.5,0.13822256250000003,0.13539153124999997,0.1292653125,0.512757125,0.510337,0,0,0,0,6,0,0,0,0,
12,0,past,4,1.0,0.060427375,0.11417818750000001,0.15076109375000002,0.7580041875000001,0.724802875,0,3,0,0,0,0,3,0,0,
12,1,present,4,1.0,0.100427375,0.1996075625,0.08854500000000001,0.713572,0.7176560000000001,0,0,2,0,0,2,0,0,2,
12,2,future,4,1.0,0.080427375,0.2096075625,0.08854500000000001,0.723572,0.7276560000000001,2,0,0,2,0,0,0,2,0,
12,3,transition,4,1.0,0.1240008125,0.1750369375,0.10854500000000002,0.6791398125000001,0.6886531875,1,0,0,4,0,0,0,1,0,
12,4,resolution,4,1.0,0.030427375,0.0996075625,0.07940374999999998,0.773572,0.7376560000000001,2,0,0,0,2,0,0,2,0,
12,5,dissolution,4,1.0,0.1340008125,0.1650369375,0.16026249999999997,0.6691398125000001,0.6686531875,1,0,0,0,4,0,0,1,0,
12,6,crystallization,4,1.0,0.054000812499999995,0.1150369375,0.07854500000000002,0.7391398125000002,0.7286531875000001,1,0,0,0,0,4,0,1,0,
12,7,void,4,1.0,0.1011476875,0.13046631250000001,0.12112125000000001,0.6991398125000001,0.6859385,0,0,0,0,6,0,0,0,0,
13,0,past,2,0.5,0.08847914583333334,0.094554875,0.17934933854166668,0.6343437083333333,0.6550793583333334,0,1,0,0,0,0,5,0,0,
13,1,present,2,0.5,0.09907003125,0.18043669791666667,0.07347202083333335,0.567289125,0.5868520145833332,0,0,1,0,0,2,0,0,3,
13,2,future,2,0.5,0.09671550000000001,0.184554875,0.08523566666666667,0.59493459375,0.6144974833333333,0,0,0,2,0,0,0,4,0,
13,3,transition,2,0.5,0.1620064375,0.16220034375,0.09347202083333335,0.50435271875,0.5356792541666666,0,0,0,4,0,0,0,2,0,
13,4,resolution,2,0.5,0.029070031250000003,0.08043669791666666,0.0769993125,0.627289125,0.6068520145833333,1,0,0,0,2,0,0,3,0,
13,5,dissolution,2,0.5,0.14847914583333333,0.17572763541666667,0.15876295833333331,0.4767072499999999,0.49803378541666665,1,0,0,0,4,0,0,1,0,
13,6,crystallization,3,0.75,0.08087621875000002,0.10667957812500001,0.07442126041666668,0.654073140625,0.6573551520833334,0,0,0,0,0,4,0,2,0,
13,7,void,3,0.75,0.12666575000000002,0.142469109375,0.12740381250000002,0.6011783749999999,0.60016213125,0,0,0,0,6,0,0,0,0,
14,0,past,1,0.25,0.10390115625000003,0.106131078125,0.1907930390625,0.5648735625000001,0.6001250343749999,0,1,0,0,0,0,5,0,0,
14,1,present,1,0.25,0.10657420312499999,0.19359646874999997,0.06987182812500001,0.4851504375,0.508144175,0,0,1,0,0,2,0,0,3,
14,2,future,1,0.25,0.108970375,0.196131078125,0.084802609375,0.517546609375,0.5405403468750001,0,0,0,2,0,0,0,4,0,
14,3,transition,1,0.25,0.18376271875,0.17852725000000003,0.08987182812500001,0.40796192187499997,0.445886440625,0,0,0,4,0,0,0,2,0,
14,4,resolution,1,0.25,0.036574203124999996,0.09359646874999998,0.079733390625,0.5451504375,0.528144175,1,0,0,0,2,0,0,3,0,
14,5,dissolution,1,0.25,0.16390115624999999,0.1983888125,0.16466417187500001,0.37556575000000003,0.40349026874999994,1,0,0,0,4,0,0,1,0,
14,6,crystallization,2,0.5,0.1086048125,0.139158875,0.07584323958333333,0.5533388437500001,0.5627030479166667,0,0,0,0,0,4,0,2,0,
14,7,void,2,0.5,0.16389575,0.1844498125,0.14466146875,0.49569337500000005,0.49917575625,0,0,0,0,6,0,0,0,0,
15,0,past,1,0.25,0.04929715625,0.12767406250000002,0.1107000625,0.48834264375,0.4695446875,0,5,0,0,0,0,1,0,0,
15,1,present,1,0.25,0.08929715625000001,0.22260484375,0.060700062500000006,0.45341186249999993,0.45221773437499996,0,0,3,0,0,2,0,0,1,
15,2,future,1,0.25,0.06929715625,0.23260484375,0.060700062500000006,0.46341186249999994,0.46221773437499997,3,0,0,2,0,0,0,1,0,
15,3,transition,1,0.25,0.136624109375,0.1776740625,0.0807000625,0.39861951874999996,0.412356171875,1,0,0,4,0,0,0,1,0,
15,4,resolution,1,0.25,0.041693328125,0.15246640625000002,0.04070006250000001,0.49101569062499995,0.44982156249999994,4,0,0,0,2,0,0,0,0,
15,5,dissolution,1,0.25,0.17648567187499997,0.197535625,0.15549240625,0.38861951875,0.38489078125,2,0,0,0,4,0,0,0,0,
15,6,crystallization,2,0.5,0.09499259374999998,0.16201395833333332,0.068617,0.5459781625,0.5304034375000001,2,0,0,0,0,4,0,0,0,
15,7,void,2,0.5,0.15028353125,0.1602503125,0.149198875,0.5059781624999999,0.49040343750000004,0,0,0,0,6,0,0,0,0,
16,0,past,3,0.75,0.08970721875000001,0.21031044270833332,0.09231775,0.6217139479166666,0.5987185677083333,0,5,0,0,0,0,1,0,0,
16,1,present,3,0.75,0.14260198437500002,0.31609997395833334,0.04231775,0.580222671875,0.5843325260416666,0,0,4,0,0,2,0,0,0,
16,2,future,3,0.75,0.10970721875000002,0.308906953125,0.04231775,0.6031174375,0.6072272916666666,3,0,0,2,0,0,0,1,0,
16,3,transition,3,0.75,0.178391515625,0.27750346354166666,0.062317750000000005,0.55732790625,0.5657360156249999,2,0,0,4,0,0,0,0,0,
16,4,resolution,3,0.75,0.05970721875000001,0.198906953125,0.030914260416666662,0.6531174375000001,0.6172272916666666,3,0,0,0,2,0,0,1,0,
16,5,dissolution,3,0.75,0.188391515625,0.26750346354166665,0.11810728125000002,0.5473279062499999,0.5457360156249998,2,0,0,0,4,0,0,0,0,
16,6,crystallization,4,1.0,0.0862668125,0.22315906249999995,0.0344895,0.707727,0.69057,1,0,0,0,0,4,0,1,0,
16,7,void,4,1.0,0.13341368750000002,0.23858843749999997,0.07706575000000002,0.667727,0.6478553125,0,0,0,0,6,0,0,0,0,
17,0,past,2,0.5,0.0988208125,0.19418390625,0.116614203125,0.5937268125,0.57767456875,0,3,0,0,0,0,3,0,0,
17,1,present,2,0.5,0.1388208125,0.30947484375,0.040146,0.5031449375,0.5212108708333333,0,0,3,0,0,2,0,0,1,
17,2,future,2,0.5,0.1188208125,0.29594755208333334,0.040146,0.53079040625,0.5488563395833334,2,0,0,2,0,0,0,2,0,
17,3,transition,2,0.5,0.20175721875000002,0.29123848958333337,0.060146000000000005,0.457854,0.48180175625,2,0,0,4,0,0,0,0,0,
17,4,resolution,2,0.5,0.0688208125,0.16242026041666666,0.05543693749999999,0.5984358750000001,0.5765018083333333,1,0,0,0,2,0,0,3,0,
17,5,dissolution,2,0.5,0.18822992708333333,0.25771119791666663,0.13720058333333335,0.447854,0.4676835791666666,1,0,0,0,4,0,0,1,0,
17,6,crystallization,3,0.75,0.11723364062499998,0.205222734375,0.04091426041666666,0.623591078125,0.6216027177083334,0,0,0,0,0,4,0,2,0,
17,7,void,3,0.75,0.16302317187500004,0.241012265625,0.09389681250000001,0.5706963125,0.5644096968749999,0,0,0,0,6,0,0,0,0,
18,0,past,3,0.75,0.0786545625,0.20306481250000002,0.11829149218750001,0.66337018125,0.62846249375,0,3,0,0,0,0,3,0,0,
18,1,present,3,0.75,0.1186545625,0.27446830208333334,0.057545854166666674,0.61758065,0.6183747072916665,0,0,1,0,0,2,0,0,3,
18,2,future,3,0.75,0.0986545625,0.3016613229166667,0.048949343750000006,0.6146858843749999,0.6154799416666666,2,0,0,2,0,0,0,2,0,
18,3,transition,3,0.75,0.16733885937499998,0.25306481249999996,0.07754585416666668,0.568896353125,0.5782869208333333,0,0,0,4,0,0,0,2,0,
18,4,resolution,3,0.75,0.0486545625,0.20885434375000003,0.03754585416666667,0.6517911187500001,0.6125851760416666,3,0,0,0,2,0,0,1,0,
18,5,dissolution,3,0.75,0.16014583854166664,0.2602578333333333,0.13333538541666667,0.5460015874999999,0.5453921552083333,1,0,0,0,4,0,0,1,0,
18,6,crystallization,4,1.0,0.09014493750000001,0.24030037499999995,0.038677875,0.7068893250000001,0.68492345,2,0,0,0,0,4,0,0,0,
18,7,void,4,1.0,0.1264330625,0.24487099999999995,0.08125412500000002,0.6668893250000001,0.64492345,0,0,0,0,6,0,0,0,0,
19,0,past,2,0.5,0.06705896875,0.18326052083333333,0.09149041666666667,0.5824673229166667,0.5541472770833333,0,4,0,0,0,0,2,0,0,
19,1,present,2,0.5,0.10705896875000001,0.2867878125,0.03560859375,0.5212945625000001,0.5212108708333333,0,0,3,0,0,2,0,0,1,
19,2,future,2,0.5,0.08705896875000001,0.29678781249999997,0.03560859375,0.5312945625000001,0.5312108708333333,3,0,0,2,0,0,0,1,0,
19,3,transition,2,0.5,0.169995375,0.2685514583333333,0.055608593750000004,0.47600362500000004,0.48180175625,2,0,0,4,0,0,0,0,0,
19,4,resolution,2,0.5,0.037058968750000004,0.16326052083333334,0.03913588541666667,0.59894003125,0.5588563395833334,2,0,0,0,2,0,0,2,0,
19,5,dissolution,2,0.5,0.15646808333333334,0.23502416666666667,0.13266317708333336,0.46600362500000003,0.4676835791666666,1,0,0,0,4,0,0,1,0,
19,6,crystallization,3,0.75,0.07683004166666667,0.20583677083333332,0.029001953124999993,0.6239595,0.6087079520833333,1,0,0,0,0,4,0,1,0,
19,7,void,3,0.75,0.13981259375,0.22443328125,0.09058101562500001,0.5839595,0.5644096968749999,0,0,0,0,6,0,0,0,0,
20,0,past,1,0.25,0.06069884375000001,0.16695946874999998,0.095439640625,0.503579796875,0.48795026874999997,0,4,0,0,0,0,2,0,0,
20,1,present,1,0.25,0.10069884375000002,0.24695946874999997,0.03797425,0.45371823437500003,0.46315792499999997,0,0,2,0,0,2,0,0,2,
20,2,future,1,0.25,0.08069884375000001,0.28682103125,0.03797425,0.44132206250000006,0.450761753125,3,0,0,2,0,0,0,1,0,
20,3,transition,1,0.25,0.148025796875,0.23189024999999996,0.057974250000000005,0.37652971874999996,0.400900190625,1,0,0,4,0,0,0,1,0,
20,4,resolution,1,0.25,0.03069884375000001,0.17682103125,0.032905031249999994,0.49132206250000005,0.460761753125,3,0,0,0,2,0,0,1,0,
20,5,dissolution,1,0.25,0.158025796875,0.22189024999999998,0.14769737500000002,0.36652971874999996,0.38090019062499997,1,0,0,0,4,0,0,1,0,
20,6,crystallization,2,0.5,0.10150784375,0.2146013333333333,0.030146,0.5269288125,0.5172643499999999,2,0,0,0,0,4,0,0,0,
20,7,void,2,0.5,0.15679878125000002,0.2128376875,0.11072787500000002,0.4869288125,0.47726434999999995,0,0,0,0,6,0,0,0,0,
21,0,past,4,1.0,0.09688175,0.2278848125,0.10810171875,0.723799125,0.6875573625,0,3,0,0,0,0,3,0,0,
21,1,present,4,1.0,0.13688175,0.3241729375,0.045885625,0.671222875,0.6722664249999999,0,0,3,0,0,2,0,0,1,
21,2,future,4,1.0,0.11688175,0.31245543750000004,0.051315,0.697511,0.6985545500000001,1,0,0,2,0,0,0,3,0,
21,3,transition,4,1.0,0.16045518749999998,0.28874356250000005,0.065885625,0.64493475,0.651407675,1,0,0,4,0,0,0,1,0,
21,4,resolution,4,1.0,0.06688175,0.2133141875,0.03674437500000001,0.7393669375,0.7004104875,2,0,0,0,2,0,0,2,0,
21,5,dissolution,4,1.0,0.1813139375,0.28960231249999996,0.11217375,0.63493475,0.6286929874999998,2,0,0,0,4,0,0,0,0,
21,6,crystallization,4,1.0,0.10131393749999999,0.2178848125,0.041315,0.7130788125,0.6995517375,0,0,0,0,0,4,0,2,0,
21,7,void,4,1.0,0.1376020625,0.2441729375,0.07846187500000001,0.66493475,0.6486929874999998,0,0,0,0,6,0,0,0,0,
22,0,past,2,0.5,0.07159637500000002,0.159397125,0.125689015625,0.6100614750000001,0.582211975,0,3,0,0,0,0,3,0,0,
22,1,present,2,0.5,0.11159637500000003,0.2511607708333333,0.0492208125,0.53712506875,0.5433937458333333,0,0,2,0,0,2,0,0,2,
22,2,future,2,0.5,0.09159637500000002,0.23763347916666666,0.06098445833333334,0.5647705375,0.5710392145833334,1,0,0,2,0,0,0,3,0,
22,3,transition,2,0.5,0.17453278125,0.20939712500000002,0.08098445833333334,0.49183413125,0.5098664541666665,0,0,0,4,0,0,0,2,0,
22,4,resolution,2,0.5,0.04159637500000002,0.17468806250000002,0.040984458333333335,0.5794796000000001,0.5457482770833333,3,0,0,0,2,0,0,1,0,
22,5,dissolution,2,0.5,0.18453278125,0.24645170833333332,0.13451174999999999,0.4641886625,0.46633916249999996,2,0,0,0,4,0,0,0,0,
22,6,crystallization,3,0.75,0.08014583854166665,0.1969946458333333,0.038949343750000004,0.6226331812500001,0.6120237489583333,1,0,0,0,0,4,0,1,0,
22,7,void,3,0.75,0.14312839062500002,0.21559115625000003,0.10052840625000002,0.5826331812500001,0.5677254937499999,0,0,0,0,6,0,0,0,0,
23,0,past,4,1.0,0.0794301875,0.22268812500000001,0.09658368750000002,0.7069835750000001,0.6650021875000001,0,5,0,0,0,0,1,0,0,
23,1,present,4,1.0,0.1194301875,0.30811750000000004,0.046583687500000005,0.6815541999999999,0.67142875,0,0,3,0,0,2,0,0,1,
23,2,future,4,1.0,0.0994301875,0.31811750000000005,0.046583687500000005,0.6915541999999999,0.68142875,3,0,0,2,0,0,0,1,0,
23,3,transition,4,1.0,0.143003625,0.272688125,0.0665836875,0.655266075,0.65057,1,0,0,4,0,0,0,1,0,
23,4,resolution,4,1.0,0.057574249999999993,0.21897625000000004,0.026583687500000005,0.7334101375000001,0.6832846875,4,0,0,0,2,0,0,0,0,
23,5,dissolution,4,1.0,0.163862375,0.273546875,0.11287181250000002,0.645266075,0.6278553124999999,2,0,0,0,4,0,0,0,0,
23,6,crystallization,4,1.0,0.08386237499999999,0.22354687500000003,0.0365836875,0.7152660750000001,0.6878553125,2,0,0,0,0,4,0,0,0,
23,7,void,4,1.0,0.12015050000000002,0.22811750000000003,0.07915993750000001,0.675266075,0.6478553125,0,0,0,0,6,0,0,0,0,
24,0,past,2,0.5,0.09079309375,0.17117369791666667,0.12407959375000001,0.5466980833333334,0.5392216666666666,0,5,0,0,0,0,1,0,0,
24,1,present,2,0.5,0.1484385625,0.28646463541666667,0.07407959375,0.49728896874999995,0.5121670833333334,0,0,4,0,0,2,0,0,0,
24,2,future,2,0.5,0.11079309375,0.27293734375,0.07407959375,0.5249344375,0.5398125520833333,3,0,0,2,0,0,0,1,0,
24,3,transition,2,0.5,0.1937295,0.2447009895833333,0.09407959375000001,0.4696435,0.49040343750000004,2,0,0,4,0,0,0,0,0,
24,4,resolution,2,0.5,0.06079309375,0.16293734375000002,0.06584323958333332,0.5749344375000001,0.5498125520833334,3,0,0,0,2,0,0,1,0,
24,5,dissolution,2,0.5,0.20372949999999998,0.23470098958333332,0.15937053125,0.4596435,0.4704034375,2,0,0,0,4,0,0,0,0,
24,6,crystallization,3,0.75,0.09730654166666665,0.17587825520833333,0.08321814062499998,0.6213999374999999,0.6202143489583334,1,0,0,0,0,4,0,1,0,
24,7,void,3,0.75,0.16028909375,0.194474765625,0.14479720312500002,0.5813999374999999,0.57591609375,0,0,0,0,6,0,0,0,0,
25,0,past,1,0.25,0.089610265625,0.119355484375,0.164664171875,0.5458901406250001,0.5668080625,0,2,0,0,0,0,4,0,0,
25,1,present,1,0.25,0.129610265625,0.229217046875,0.054941046874999996,0.45123623437500004,0.48229259375,0,0,2,0,0,2,0,0,2,
25,2,future,1,0.25,0.10961026562500001,0.209355484375,0.06987182812500001,0.48363240625000004,0.514688765625,1,0,0,2,0,0,0,3,0,
25,3,transition,1,0.25,0.17693721875,0.214147828125,0.074941046875,0.37404771875,0.42003485937499996,1,0,0,4,0,0,0,1,0,
25,4,resolution,1,0.25,0.059610265625000006,0.099355484375,0.07973339062499998,0.5336324062500001,0.524688765625,1,0,0,0,2,0,0,3,0,
25,5,dissolution,1,0.25,0.18693721875,0.204147828125,0.164664171875,0.36404771874999997,0.40003485937499994,1,0,0,0,4,0,0,1,0,
25,6,crystallization,2,0.5,0.12675443749999998,0.14369628124999997,0.07584323958333333,0.54426403125,0.5599806041666666,0,0,0,0,0,4,0,2,0,
25,7,void,2,0.5,0.182045375,0.18898721875000002,0.14466146875,0.4866185625,0.4964533125,0,0,0,0,6,0,0,0,0,
26,0,past,1,0.25,0.055056171875,0.09439975,0.17042318750000002,0.564702925,0.57064740625,0,2,0,0,0,0,4,0,0,
26,1,present,1,0.25,0.095056171875,0.17439975000000002,0.07563084375000001,0.49244519062500003,0.508528109375,0,0,1,0,0,2,0,0,3,
26,2,future,1,0.25,0.075056171875,0.18439975,0.07563084375000001,0.502445190625,0.518528109375,1,0,0,2,0,0,0,3,0,
26,3,transition,1,0.25,0.1722446875,0.15933053125000002,0.09563084375000001,0.41525667499999996,0.446270375,0,0,0,4,0,0,0,2,0,
26,4,resolution,1,0.25,0.025056171874999998,0.1042613125,0.070561625,0.5300490187500001,0.5061319375,2,0,0,0,2,0,0,2,0,
26,5,dissolution,1,0.25,0.152383125,0.17919209375,0.17042318750000002,0.382860503125,0.403874203125,1,0,0,0,4,0,0,1,0,
26,6,crystallization,2,0.5,0.07600270833333332,0.14756147916666665,0.068617,0.5414407562500001,0.5453600729166667,1,0,0,0,0,4,0,1,0,
26,7,void,2,0.5,0.1548209375,0.169325125,0.149198875,0.5014407562500001,0.49947825,0,0,0,0,6,0,0,0,0,
27,0,past,2,0.5,0.084316625,0.10918833333333333,0.16211107291666665,0.5865083291666666,0.5803944270833332,0,4,0,0,0,0,2,0,0,
27,1,present,2,0.5,0.12431662500000001,0.21271562499999996,0.10622924999999998,0.52533556875,0.5474580208333333,0,0,3,0,0,2,0,0,1,
27,2,future,2,0.5,0.10431662500000001,0.19918833333333333,0.10622924999999998,0.5529810375,0.5751034895833333,2,0,0,2,0,0,0,2,0,
27,3,transition,2,0.5,0.16372573958333334,0.17095197916666666,0.12622925,0.48004463124999996,0.5139307291666667,1,0,0,4,0,0,0,1,0,
27,4,resolution,2,0.5,0.05431662500000001,0.11271562499999997,0.09799289583333334,0.58533556875,0.5674580208333333,3,0,0,0,2,0,0,1,0,
27,5,dissolution,2,0.5,0.19725303125,0.18447927083333332,0.1915201875,0.47004463124999996,0.48804890624999997,2,0,0,0,4,0,0,0,0,
27,6,crystallization,3,0.75,0.08526496354166666,0.10054567708333333,0.12446199999999998,0.638397759375,0.6466825520833334,1,0,0,0,0,4,0,1,0,
27,7,void,3,0.75,0.14824751562500002,0.1191421875,0.1860410625,0.598397759375,0.602384296875,0,0,0,0,6,0,0,0,0,
28,0,past,4,1.0,0.11704799999999999,0.30498193749999997,0.1379245,0.706114875,0.6720914,0,2,0,0,0,0,4,0,0,
28,1,present,4,1.0,0.157048,0.3849819375,0.071636375,0.6671120625,0.6622298375,0,0,1,0,0,2,0,0,3,
28,2,future,4,1.0,0.13704799999999998,0.4058406875,0.066207,0.668968,0.664085775,2,0,0,2,0,0,0,2,0,
28,3,transition,4,1.0,0.18062143749999998,0.3712700625,0.086207,0.6245358125,0.6250829625,1,0,0,4,0,0,0,1,0,
28,4,resolution,4,1.0,0.08704799999999999,0.28498193749999995,0.062495125,0.7271120625,0.6822298375,1,0,0,0,2,0,0,3,0,
28,5,dissolution,4,1.0,0.2014801875,0.35041131249999996,0.14335387500000002,0.622679875,0.6132270249999999,0,0,0,0,4,0,0,2,0,
28,6,crystallization,4,1.0,0.11062143749999999,0.3112700625,0.056207,0.6845358125000001,0.6650829625,1,0,0,0,0,4,0,1,0,
28,7,void,4,1.0,0.1577683125,0.3266994375,0.09878325000000002,0.6445358125,0.6223682749999999,0,0,0,0,6,0,0,0,0,
29,0,past,4,1.0,0.09858812500000001,0.087729375,0.24403000000000002,0.7198434375,0.7142543749999999,0,4,0,0,0,0,2,0,0,
29,1,present,4,1.0,0.138588125,0.167729375,0.1913153125,0.6889846875,0.71796625,0,0,2,0,0,2,0,0,2,
29,2,future,4,1.0,0.12673218749999998,0.199446875,0.1913153125,0.6826965624999999,0.7116781249999999,4,0,0,2,0,0,0,0,0,
29,3,transition,4,1.0,0.1730203125,0.15401750000000003,0.2113153125,0.6545525,0.68624875,2,0,0,4,0,0,0,0,0,
29,4,resolution,4,1.0,0.06858812500000001,0.067729375,0.1821740625,0.7489846875,0.73796625,2,0,0,0,2,0,0,2,0,
29,5,dissolution,4,1.0,0.1830203125,0.12230000000000002,0.2684621875,0.6526965624999999,0.6771075,0,0,0,0,4,0,0,2,0,
29,6,crystallization,4,1.0,0.1030203125,0.09401750000000002,0.1813153125,0.7145525,0.72624875,2,0,0,0,0,4,0,0,0,
29,7,void,4,1.0,0.13930843750000002,0.09858812500000001,0.22389156250000003,0.6745525,0.68624875,0,0,0,0,6,0,0,0,0,
30,0,past,2,0.5,0.07764625,0.15973322916666666,0.14022552083333334,0.6117083854166667,0.6075542291666666,0,2,0,0,0,0,4,0,0,
30,1,present,2,0.5,0.11764625000000001,0.26326052083333334,0.0431709375,0.53289015625,0.5452087083333335,0,0,2,0,0,2,0,0,2,
30,2,future,2,0.5,0.11529171875000001,0.24385140625,0.06669822916666666,0.57818109375,0.5904996458333334,0,0,0,2,0,0,0,4,0,
30,3,transition,2,0.5,0.18058265624999997,0.22149687499999998,0.07493458333333333,0.48759921875,0.5116814166666667,0,0,0,4,0,0,0,2,0,
30,4,resolution,2,0.5,0.04764625,0.16326052083333334,0.04669822916666666,0.5928901562500001,0.5652087083333335,2,0,0,0,2,0,0,2,0,
30,5,dissolution,2,0.5,0.19058265624999998,0.2585514583333333,0.128461875,0.45995375000000005,0.468154125,2,0,0,0,4,0,0,0,0,
30,6,crystallization,3,0.75,0.10175992187499998,0.18864375,0.04312479166666667,0.632433203125,0.6262448333333334,0,0,0,0,0,4,0,2,0,
30,7,void,3,0.75,0.147549453125,0.22443328125,0.09610734375000002,0.5795384374999999,0.5690518125,0,0,0,0,6,0,0,0,0,
31,0,past,2,0.5,0.06209496875,0.12127515625,0.148763859375,0.6213700875000001,0.5953200375,0,3,0,0,0,0,3,0,0,
31,1,present,2,0.5,0.10209496875,0.2130388020833333,0.07229565625,0.5484336812499999,0.5565018083333333,0,0,2,0,0,2,0,0,2,
31,2,future,2,0.5,0.08209496875,0.22303880208333332,0.07229565625,0.5584336812499999,0.5665018083333333,2,0,0,2,0,0,0,2,0,
31,3,transition,2,0.5,0.14150408333333334,0.19480244791666668,0.09229565625000001,0.48549727499999995,0.5053290479166666,1,0,0,4,0,0,0,1,0,
31,4,resolution,2,0.5,0.03209496875,0.11303880208333332,0.07582294791666667,0.60843368125,0.5765018083333333,2,0,0,0,2,0,0,2,0,
31,5,dissolution,2,0.5,0.15150408333333332,0.18480244791666667,0.16935023958333334,0.47549727499999994,0.48532904791666653,1,0,0,0,4,0,0,1,0,
31,6,crystallization,3,0.75,0.06589372916666666,0.13050419270833336,0.07356160937499999,0.6402941624999999,0.6351761552083334,1,0,0,0,0,4,0,1,0,
31,7,void,3,0.75,0.12887628125,0.149100703125,0.135140671875,0.6002941624999999,0.5908779,0,0,0,0,6,0,0,0,0,
32,0,past,1,0.25,0.08282354687500001,0.146114546875,0.13694527343750001,0.531657421875,0.5266345656250001,0,3,0,0,0,0,3,0,0,
32,1,present,1,0.25,0.12282354687500002,0.241045328125,0.053351015625,0.4444689062499999,0.471980659375,0,0,2,0,0,2,0,0,2,
32,2,future,1,0.25,0.10282354687500002,0.251045328125,0.053351015625,0.4544689062499999,0.481980659375,2,0,0,2,0,0,0,2,0,
32,3,transition,1,0.25,0.17015049999999998,0.225976109375,0.073351015625,0.36728039062499995,0.40972292499999996,1,0,0,4,0,0,0,1,0,
32,4,resolution,1,0.25,0.052823546875000016,0.141045328125,0.06321257812499999,0.50446890625,0.491980659375,2,0,0,0,2,0,0,2,0,
32,5,dissolution,1,0.25,0.1801505,0.21597610937500003,0.163074140625,0.35728039062499994,0.38972292499999994,1,0,0,0,4,0,0,1,0,
32,6,crystallization,2,0.5,0.08965370833333332,0.15597701041666667,0.056245781249999995,0.52704515625,0.5407916416666667,1,0,0,0,0,4,0,1,0,
32,7,void,2,0.5,0.16847193749999997,0.17774065625,0.13682765625,0.48704515625,0.49490981874999995,0,0,0,0,6,0,0,0,0,
33,0,past,2,0.5,0.05302015625,0.08531201041666667,0.16935023958333334,0.6333017854166667,0.6267121666666667,0,2,0,0,0,0,4,0,0,
33,1,present,2,0.5,0.09302015625,0.16531201041666665,0.08405930208333333,0.572129025,0.5820121145833332,0,0,1,0,0,2,0,0,3,
33,2,future,2,0.5,0.07302015625,0.17531201041666666,0.08405930208333333,0.582129025,0.5920121145833332,1,0,0,2,0,0,0,3,0,
33,3,transition,2,0.5,0.1559565625,0.14707565625000002,0.10405930208333333,0.50919261875,0.5308393541666667,0,0,0,4,0,0,0,2,0,
33,4,resolution,2,0.5,0.02302015625,0.08883930208333334,0.07582294791666667,0.6144835562500001,0.5843666458333334,2,0,0,0,2,0,0,2,0,
33,5,dissolution,2,0.5,0.14242927083333334,0.16060294791666666,0.16935023958333334,0.4815471499999999,0.49319388541666664,1,0,0,0,4,0,0,1,0,
33,6,crystallization,3,0.75,0.05926213541666665,0.11281994270833333,0.07356160937499999,0.6447152249999999,0.6409235364583333,1,0,0,0,0,4,0,1,0,
33,7,void,3,0.75,0.1222446875,0.131416453125,0.135140671875,0.6047152249999999,0.5966252812499999,0,0,0,0,6,0,0,0,0,
34,0,past,3,0.75,0.091394203125,0.16119398958333334,0.17649891666666667,0.6741720520833334,0.6671093020833333,0,2,0,0,0,0,4,0,0,
34,1,present,3,0.75,0.131394203125,0.2583870104166667,0.09211287500000001,0.6111894999999999,0.6269337291666666,0,0,2,0,0,2,0,0,2,
34,2,future,3,0.75,0.11139420312500001,0.2511939895833333,0.10070938541666666,0.634084265625,0.6498284947916666,1,0,0,2,0,0,0,3,0,
34,3,transition,3,0.75,0.16288547916666668,0.23698352083333335,0.11211287500000001,0.562505203125,0.5868459427083332,1,0,0,4,0,0,0,1,0,
34,4,resolution,3,0.75,0.061394203125000005,0.14119398958333332,0.09790240625,0.684084265625,0.6598284947916666,1,0,0,0,2,0,0,3,0,
34,5,dissolution,3,0.75,0.17288547916666666,0.22698352083333334,0.17649891666666667,0.552505203125,0.5668459427083332,1,0,0,0,4,0,0,1,0,
34,6,crystallization,4,1.0,0.102477375,0.180422125,0.107088,0.7219985,0.7164758750000001,0,0,0,0,0,4,0,2,0,
34,7,void,4,1.0,0.13876549999999999,0.20671025,0.144234875,0.6738544375000001,0.665617125,0,0,0,0,6,0,0,0,0,
35,0,past,2,0.5,0.0681060625,0.14882277083333334,0.12844894791666667,0.5882069479166667,0.5645639208333334,0,4,0,0,0,0,2,0,0,
35,1,present,2,0.5,0.10810606249999999,0.25235006249999997,0.07256712500000001,0.5270341875,0.5316275145833333,0,0,3,0,0,2,0,0,1,
35,2,future,2,0.5,0.0881060625,0.23882277083333334,0.07256712500000001,0.55467965625,0.5592729833333334,2,0,0,2,0,0,0,2,0,
35,3,transition,2,0.5,0.14751517708333334,0.21058641666666666,0.09256712500000001,0.48174324999999996,0.4981002229166666,1,0,0,4,0,0,0,1,0,
35,4,resolution,2,0.5,0.038106062499999996,0.1523500625,0.06433077083333331,0.5870341875,0.5516275145833334,3,0,0,0,2,0,0,1,0,
35,5,dissolution,2,0.5,0.18104246875,0.22411370833333336,0.1578580625,0.47174324999999995,0.47221840000000004,2,0,0,0,4,0,0,0,0,
35,6,crystallization,3,0.75,0.08072755729166664,0.16814139583333335,0.08211287500000002,0.6302420625,0.6215406677083334,1,0,0,0,0,4,0,1,0,
35,7,void,3,0.75,0.143710109375,0.18673790625,0.1436919375,0.5902420625,0.5772424125,0,0,0,0,6,0,0,0,0,
36,0,past,4,1.0,0.0924606875,0.19305925000000002,0.165071375,0.7226356875000001,0.6906908875,0,4,0,0,0,0,2,0,0,
36,1,present,4,1.0,0.1324606875,0.283918,0.11235668749999998,0.6836328749999999,0.6862587,0,0,3,0,0,2,0,0,1,
36,2,future,4,1.0,0.1124606875,0.28305925,0.11235668749999998,0.7017769375,0.7044027625,2,0,0,2,0,0,0,2,0,
36,3,transition,4,1.0,0.156034125,0.24848862500000002,0.1323566875,0.65734475,0.66539995,1,0,0,4,0,0,0,1,0,
36,4,resolution,4,1.0,0.0624606875,0.183918,0.09778606249999999,0.743632875,0.7062587,3,0,0,0,2,0,0,1,0,
36,5,dissolution,4,1.0,0.176892875,0.249347375,0.17864481249999997,0.64734475,0.6426852624999999,2,0,0,0,4,0,0,0,0,
36,6,crystallization,4,1.0,0.08603412499999999,0.18848862500000002,0.10235668749999999,0.7173447500000001,0.70539995,1,0,0,0,0,4,0,1,0,
36,7,void,4,1.0,0.133181,0.203918,0.1449329375,0.67734475,0.6626852624999999,0,0,0,0,6,0,0,0,0,
37,0,past,1,0.25,0.07425289062499998,0.13663253125000002,0.168503515625,0.5458901406250001,0.557209703125,0,2,0,0,0,0,4,0,0,
37,1,present,1,0.25,0.11425289062499999,0.21663253124999998,0.073711171875,0.47363240625,0.49509040624999995,0,0,1,0,0,2,0,0,3,
37,2,future,1,0.25,0.09425289062499999,0.22663253125,0.073711171875,0.48363240625000004,0.5050904062499999,1,0,0,2,0,0,0,3,0,
37,3,transition,1,0.25,0.19144140625,0.20156331250000004,0.093711171875,0.39644389062499996,0.43283267187499996,0,0,0,4,0,0,0,2,0,
37,4,resolution,1,0.25,0.044252890624999985,0.14649409375,0.06864195312499999,0.5112362343750001,0.49269423437499993,2,0,0,0,2,0,0,2,0,
37,5,dissolution,1,0.25,0.17157984375,0.221424875,0.168503515625,0.36404771874999997,0.3904364999999999,1,0,0,0,4,0,0,1,0,
37,6,crystallization,2,0.5,0.09112739583333333,0.18083579166666663,0.06710453124999999,0.5266185624999999,0.5347727916666667,1,0,0,0,0,4,0,1,0,
37,7,void,2,0.5,0.16994562500000002,0.2025994375,0.14768640625,0.48661856249999996,0.48889096875000004,0,0,0,0,6,0,0,0,0,
38,0,past,4,1.0,0.09874324999999999,0.200350125,0.183376125,0.734037375,0.7107330374999999,0,2,0,0,0,0,4,0,0,
38,1,present,4,1.0,0.13874324999999998,0.291208875,0.11165862500000001,0.6868905,0.6927274125,0,0,2,0,0,2,0,0,2,
38,2,future,4,1.0,0.11874325,0.290350125,0.117088,0.7050345625000001,0.710871475,1,0,0,2,0,0,0,3,0,
38,3,transition,4,1.0,0.1623166875,0.26663824999999997,0.131658625,0.6524583125,0.6637246,1,0,0,4,0,0,0,1,0,
38,4,resolution,4,1.0,0.06874324999999999,0.180350125,0.10794675,0.7550345625000001,0.720871475,1,0,0,0,2,0,0,3,0,
38,5,dissolution,4,1.0,0.1723166875,0.25663824999999996,0.183376125,0.6424583125,0.6437246,1,0,0,0,4,0,0,1,0,
38,6,crystallization,4,1.0,0.10317543749999998,0.19577949999999997,0.107088,0.720602375,0.7118686625,0,0,0,0,0,4,0,2,0,
38,7,void,4,1.0,0.1394635625,0.222067625,0.144234875,0.6724583125,0.6610099125,0,0,0,0,6,0,0,0,0,
39,0,past,3,0.75,0.09581526562499999,0.16291329166666668,0.17625330208333334,0.6386561833333333,0.6194600729166666,0,4,0,0,0,0,2,0,0,
39,1,present,3,0.75,0.135815265625,0.2601063125,0.121955046875,0.588568396875,0.6007757760416665,0,0,3,0,0,2,0,0,1,
39,2,future,3,0.75,0.115815265625,0.27010631249999995,0.121955046875,0.598568396875,0.6107757760416666,3,0,0,2,0,0,0,1,0,
39,3,transition,3,0.75,0.1844995625,0.23870282291666667,0.141955046875,0.5527788656249999,0.5692844999999999,2,0,0,4,0,0,0,0,0,
39,4,resolution,3,0.75,0.065815265625,0.1429132916666667,0.11914806770833335,0.6614631625,0.6336705416666667,2,0,0,0,2,0,0,2,0,
39,5,dissolution,3,0.75,0.17730654166666665,0.21150980208333334,0.20634108854166666,0.5427788656249999,0.5535827552083332,1,0,0,0,4,0,0,1,0,
39,6,crystallization,4,1.0,0.09441087499999999,0.181508,0.1205063125,0.7077114875,0.6999550625,1,0,0,0,0,4,0,1,0,
39,7,void,4,1.0,0.14155774999999998,0.196937375,0.16308256250000003,0.6677114875,0.657240375,0,0,0,0,6,0,0,0,0,
40,0,past,3,0.75,0.11181253125000001,0.19950340104166664,0.12866870833333333,0.6177841145833334,0.6059641979166667,0,4,0,0,0,0,2,0,0,
40,1,present,3,0.75,0.15181253125000002,0.27950340104166665,0.07437045312500001,0.58059109375,0.6001746666666666,0,0,2,0,0,2,0,0,2,
40,2,future,3,0.75,0.13181253125,0.306696421875,0.07437045312500001,0.5776963281249999,0.5972799010416666,3,0,0,2,0,0,0,1,0,
40,3,transition,3,0.75,0.18330380729166668,0.2580999114583333,0.09437045312500002,0.5319067968749999,0.5600868802083333,1,0,0,4,0,0,0,1,0,
40,4,resolution,3,0.75,0.08181253125000001,0.19669642187500005,0.06296696354166666,0.627696328125,0.6072799010416666,3,0,0,0,2,0,0,1,0,
40,5,dissolution,3,0.75,0.19330380729166666,0.2480999114583333,0.1587564947916667,0.5219067968749999,0.5400868802083333,1,0,0,0,4,0,0,1,0,
40,6,crystallization,4,1.0,0.11108681250000003,0.2326216875,0.0547333125,0.6916715625000002,0.68157275,2,0,0,0,0,4,0,0,0,
40,7,void,4,1.0,0.1473749375,0.2371923125,0.0973095625,0.6516715625000001,0.6415727499999999,0,0,0,0,6,0,0,0,0,
41,0,past,1,0.25,0.070297203125,0.16354671875000001,0.1273275234375,0.544362159375,0.5224190437499999,0,3,0,0,0,0,3,0,0,
41,1,present,1,0.25,0.11029720312499999,0.2584775,0.043733265625,0.45717364374999997,0.4677651375,0,0,2,0,0,2,0,0,2,
41,2,future,1,0.25,0.090297203125,0.26847750000000004,0.043733265625,0.46717364375,0.4777651375,2,0,0,2,0,0,0,2,0,
41,3,transition,1,0.25,0.15762415624999998,0.24340828125000002,0.063733265625,0.379985128125,0.40550740312499994,1,0,0,4,0,0,0,1,0,
41,4,resolution,1,0.25,0.040297203125,0.15847750000000002,0.05359482812500001,0.51717364375,0.48776513749999995,2,0,0,0,2,0,0,2,0,
41,5,dissolution,1,0.25,0.16762415625,0.23340828125000002,0.153456390625,0.36998512812500006,0.3855074031249999,1,0,0,0,4,0,0,1,0,
41,6,crystallization,2,0.5,0.08554289583333333,0.20014885416666667,0.03468340625,0.52965125625,0.5267760979166667,1,0,0,0,0,4,0,1,0,
41,7,void,2,0.5,0.16436112500000002,0.2219125,0.11526528125,0.48965125624999994,0.480894275,0,0,0,0,6,0,0,0,0,
42,0,past,2,0.5,0.08629446874999999,0.13791231250000002,0.142713984375,0.6029179687499999,0.5929000874999999,0,3,0,0,0,0,3,0,0,
42,1,present,2,0.5,0.12629446875,0.22967595833333332,0.06624578125,0.5299815625000001,0.5540818583333333,0,0,2,0,0,2,0,0,2,
42,2,future,2,0.5,0.10629446875,0.23967595833333333,0.06624578125,0.5399815625000001,0.5640818583333334,2,0,0,2,0,0,0,2,0,
42,3,transition,2,0.5,0.16570358333333335,0.21143960416666663,0.08624578125,0.46704515625,0.5029090979166666,1,0,0,4,0,0,0,1,0,
42,4,resolution,2,0.5,0.05629446874999999,0.12967595833333334,0.06977307291666666,0.5899815625000001,0.5740818583333334,2,0,0,0,2,0,0,2,0,
42,5,dissolution,2,0.5,0.17570358333333333,0.20143960416666665,0.16330036458333336,0.45704515625,0.4829090979166666,1,0,0,0,4,0,0,1,0,
42,6,crystallization,3,0.75,0.08357797916666666,0.14266211458333333,0.069140546875,0.626809921875,0.6334077302083334,1,0,0,0,0,4,0,1,0,
42,7,void,3,0.75,0.14656053125000001,0.16125862500000002,0.13071960937500002,0.5868099218749999,0.5891094749999999,0,0,0,0,6,0,0,0,0,
43,0,past,1,0.25,0.09711443750000001,0.10836100000000001,0.17960464843750001,0.56770459375,0.6036347375,0,1,0,0,0,0,5,0,0,
43,1,present,1,0.25,0.099787484375,0.195826390625,0.058683437500000005,0.48798146875000004,0.511653878125,0,0,1,0,0,2,0,0,3,
43,2,future,1,0.25,0.079787484375,0.20582639062500002,0.058683437500000005,0.49798146875000004,0.521653878125,1,0,0,2,0,0,0,3,0,
43,3,transition,1,0.25,0.14711443749999997,0.210618734375,0.06375265625,0.38839678125,0.42699997187499994,1,0,0,4,0,0,0,1,0,
43,4,resolution,1,0.25,0.05218365624999999,0.08836100000000001,0.08347578125,0.5703776406250001,0.5540500500000001,0,0,0,0,2,0,0,4,0,
43,5,dissolution,1,0.25,0.18697599999999998,0.170757171875,0.16840656249999997,0.40079295312499996,0.4293961437499999,0,0,0,0,4,0,0,2,0,
43,6,crystallization,2,0.5,0.09503137499999997,0.12034996875,0.060447083333333325,0.56132778125,0.5720493291666666,0,0,0,0,0,4,0,2,0,
43,7,void,2,0.5,0.15032231250000003,0.16564090625,0.1292653125,0.5036823125000001,0.5085220375,0,0,0,0,6,0,0,0,0,
44,0,past,3,0.75,0.10625388541666668,0.17015892187499998,0.19264807552083335,0.6751545104166666,0.6774496760416666,0,1,0,0,0,0,5,0,0,
44,1,present,3,0.75,0.137657375,0.250158921875,0.11041116145833334,0.6336632343749999,0.6458706135416666,0,0,0,0,0,2,0,0,4,
44,2,future,3,0.75,0.10476260937500001,0.26445717708333333,0.10181465104166668,0.63076846875,0.6429758479166667,1,0,0,2,0,0,0,3,0,
44,3,transition,3,0.75,0.17344690624999998,0.2330536875,0.12181465104166665,0.572084171875,0.5928880614583333,0,0,0,4,0,0,0,2,0,
44,4,resolution,3,0.75,0.05476260937500001,0.15445717708333334,0.099007671875,0.6807684687500001,0.6529758479166667,1,0,0,0,2,0,0,3,0,
44,5,dissolution,3,0.75,0.18344690624999999,0.22305368750000001,0.18620069270833334,0.562084171875,0.5728880614583333,0,0,0,0,4,0,0,2,0,
44,6,crystallization,4,1.0,0.08743024999999999,0.19965762499999998,0.1023566875,0.71176025,0.704003825,1,0,0,0,0,4,0,1,0,
44,7,void,4,1.0,0.134577125,0.21508699999999997,0.14493293750000003,0.67176025,0.6612891374999998,0,0,0,0,6,0,0,0,0,
45,0,past,2,0.5,0.07113099999999999,0.16697239583333331,0.12542401041666668,0.5851820104166666,0.5609339958333334,0,4,0,0,0,0,2,0,0,
45,1,present,2,0.5,0.11113099999999998,0.27049968750000003,0.0695421875,0.52400925,0.5279975895833333,0,0,3,0,0,2,0,0,1,
45,2,future,2,0.5,0.09113099999999999,0.2804996875,0.0695421875,0.53400925,0.5379975895833333,3,0,0,2,0,0,0,1,0,
45,3,transition,2,0.5,0.17406740625,0.25226333333333334,0.08954218750000001,0.47871831249999997,0.488588475,2,0,0,4,0,0,0,0,0,
45,4,resolution,2,0.5,0.04113099999999999,0.14697239583333332,0.07306947916666666,0.6016547187500001,0.5656430583333334,2,0,0,0,2,0,0,2,0,
45,5,dissolution,2,0.5,0.16054011458333334,0.2187360416666667,0.16659677083333335,0.46871831249999996,0.47447029791666656,1,0,0,0,4,0,0,1,0,
45,6,crystallization,3,0.75,0.08293808854166665,0.1814045833333333,0.07990234375000001,0.62803153125,0.6188880302083334,1,0,0,0,0,4,0,1,0,
45,7,void,3,0.75,0.145920640625,0.20000109375000003,0.14148140625,0.58803153125,0.5745897749999999,0,0,0,0,6,0,0,0,0,
46,0,past,2,0.5,0.0685714375,0.18931039583333334,0.09602782291666667,0.5733925104166667,0.5496098708333332,0,4,0,0,0,0,2,0,0,
46,1,present,2,0.5,0.1085714375,0.2693103958333333,0.040146,0.5298652187499999,0.5343189333333334,0,0,2,0,0,2,0,0,2,
46,2,future,2,0.5,0.0885714375,0.3028376875,0.040146,0.5222197500000001,0.5266734645833334,3,0,0,2,0,0,0,1,0,
46,3,transition,2,0.5,0.14798055208333333,0.25107404166666664,0.060146000000000005,0.46692881249999996,0.48314617291666667,1,0,0,4,0,0,0,1,0,
46,4,resolution,2,0.5,0.0385714375,0.19283768750000002,0.03190964583333333,0.5722197500000001,0.5366734645833334,3,0,0,0,2,0,0,1,0,
46,5,dissolution,2,0.5,0.15798055208333334,0.24107404166666666,0.13720058333333335,0.45692881249999995,0.46314617291666665,1,0,0,0,4,0,0,1,0,
46,6,crystallization,3,0.75,0.09512832812500001,0.22745085416666663,0.03231775,0.61732790625,0.6010939,2,0,0,0,0,4,0,0,0,
46,7,void,3,0.75,0.14091785937500004,0.22885434374999997,0.09389681250000001,0.57732790625,0.5610938999999999,0,0,0,0,6,0,0,0,0,
47,0,past,4,1.0,0.10246625000000001,0.2278848125,0.12555328125,0.7119320625000001,0.67959945,0,3,0,0,0,0,3,0,0,
47,1,present,4,1.0,0.14246625000000002,0.3133141875,0.0633371875,0.667499875,0.6724525749999999,0,0,2,0,0,2,0,0,2,
47,2,future,4,1.0,0.12246625000000001,0.3341729375,0.0633371875,0.6693558125000001,0.6743085125,3,0,0,2,0,0,0,1,0,
47,3,transition,4,1.0,0.1768984375,0.2996023125,0.0833371875,0.6330676875000001,0.6407350749999999,2,0,0,4,0,0,0,0,0,
47,4,resolution,4,1.0,0.07246625000000001,0.20245543750000003,0.0596253125,0.7356439375,0.7005966374999999,1,0,0,0,2,0,0,3,0,
47,5,dissolution,4,1.0,0.18689843750000001,0.2678848125,0.1404840625,0.63121175,0.6315938249999999,0,0,0,0,4,0,0,2,0,
47,6,crystallization,4,1.0,0.09603968750000001,0.22874356250000002,0.0533371875,0.6930676875000001,0.6834497625,1,0,0,0,0,4,0,1,0,
47,7,void,4,1.0,0.1431865625,0.2441729375,0.0959134375,0.6530676875000001,0.6407350749999999,0,0,0,0,6,0,0,0,0,
48,0,past,1,0.25,0.090502234375,0.13075717187500002,0.17149936718750003,0.512460703125,0.5151165343749999,0,3,0,0,0,0,3,0,0,
48,1,present,1,0.25,0.130502234375,0.195826390625,0.10283589062500001,0.44766835937500005,0.48285880000000003,0,0,1,0,0,2,0,0,3,
48,2,future,1,0.25,0.11050223437500001,0.26554951562499995,0.08790510937500001,0.412876015625,0.44806645624999997,3,0,0,2,0,0,0,1,0,
48,3,transition,1,0.25,0.17782918749999999,0.210618734375,0.10790510937500002,0.34808367187499994,0.39820489375,1,0,0,4,0,0,0,1,0,
48,4,resolution,1,0.25,0.060502234375000005,0.125687953125,0.09776667187500002,0.4852721875,0.48046262812499996,2,0,0,0,2,0,0,2,0,
48,5,dissolution,1,0.25,0.21769075,0.170757171875,0.21255901562500001,0.36047984375,0.400601065625,0,0,0,0,4,0,0,2,0,
48,6,crystallization,2,0.5,0.119230875,0.16740455208333332,0.08347021875,0.51192046875,0.52583500625,2,0,0,0,0,4,0,0,0,
48,7,void,2,0.5,0.17452181250000004,0.16564090625,0.16405209375000002,0.47192046875,0.48583500625,0,0,0,0,6,0,0,0,0,
49,0,past,4,1.0,0.0708983125,0.1282945625,0.16235668749999999,0.7537382499999999,0.7332882124999999,0,2,0,0,0,0,4,0,0,
49,1,present,4,1.0,0.11089831250000001,0.21915331250000003,0.09063918750000001,0.706591375,0.7152825875000001,0,0,2,0,0,2,0,0,2,
49,2,future,4,1.0,0.09089831250000001,0.21829456249999998,0.0960685625,0.7247354374999999,0.73342665,1,0,0,2,0,0,0,3,0,
49,3,transition,4,1.0,0.13447175,0.19458268750000002,0.11063918750000001,0.6721591874999999,0.686279775,1,0,0,4,0,0,0,1,0,
49,4,resolution,4,1.0,0.040898312500000006,0.10829456249999998,0.0869273125,0.7747354375,0.74342665,1,0,0,0,2,0,0,3,0,
49,5,dissolution,4,1.0,0.14447175,0.1845826875,0.16235668749999999,0.6621591874999999,0.666279775,1,0,0,0,4,0,0,1,0,
49,6,crystallization,4,1.0,0.07533050000000001,0.1237239375,0.0860685625,0.74030325,0.7344238375000001,0,0,0,0,0,4,0,2,0,
49,7,void,4,1.0,0.111618625,0.15001206250000002,0.12321543749999998,0.6921591874999999,0.6835650875,0,0,0,0,6,0,0,0,0,
50,0,past,2,0.5,0.08171828125,0.16159472916666665,0.17415911458333333,0.6053482604166667,0.6052661354166666,0,2,0,0,0,0,4,0,0,
50,1,present,2,0.5,0.12171828125,0.24159472916666663,0.08886817708333333,0.5441755,0.5605660833333332,0,0,1,0,0,2,0,0,3,
50,2,future,2,0.5,0.10171828125,0.25159472916666664,0.08886817708333333,0.5541755,0.5705660833333333,1,0,0,2,0,0,0,3,0,
50,3,transition,2,0.5,0.18465468750000003,0.223358375,0.10886817708333334,0.48123909374999996,0.5093933229166667,0,0,0,4,0,0,0,2,0,
50,4,resolution,2,0.5,0.05171828125,0.16512202083333333,0.08063182291666667,0.5865300312499999,0.5629206145833333,2,0,0,0,2,0,0,2,0,
50,5,dissolution,2,0.5,0.17112739583333333,0.2368856666666667,0.17415911458333333,0.453593625,0.47174785416666665,1,0,0,0,4,0,0,1,0,
50,6,crystallization,3,0.75,0.09067494791666665,0.19466777083333336,0.085428671875,0.616978875,0.6168985520833332,1,0,0,0,0,4,0,1,0,
50,7,void,3,0.75,0.1536575,0.21326428125,0.147007734375,0.576978875,0.572600296875,0,0,0,0,6,0,0,0,0,
51,0,past,3,0.75,0.11128898437499998,0.18833440104166665,0.14972692708333332,0.6384351302083333,0.6260916666666667,0,4,0,0,0,0,2,0,0,
51,1,present,3,0.75,0.16418375000000002,0.30272044270833337,0.095428671875,0.575452578125,0.5945126041666666,0,0,4,0,0,2,0,0,0,
51,2,future,3,0.75,0.13128898437499997,0.2783344010416666,0.095428671875,0.6112421093749999,0.6303021354166667,2,0,0,2,0,0,0,2,0,
51,3,transition,3,0.75,0.19997328125000002,0.26412393229166664,0.115428671875,0.5525578124999999,0.57591609375,2,0,0,4,0,0,0,0,0,
51,4,resolution,3,0.75,0.08128898437499998,0.16833440104166666,0.09262169270833333,0.6612421093749999,0.6403021354166667,2,0,0,0,2,0,0,2,0,
51,5,dissolution,3,0.75,0.20997328125,0.25412393229166663,0.171218203125,0.5425578124999999,0.55591609375,2,0,0,0,4,0,0,0,0,
51,6,crystallization,4,1.0,0.11504249999999998,0.18670468749999997,0.10918218750000001,0.7157159375000002,0.7122875,0,0,0,0,0,4,0,2,0,
51,7,void,4,1.0,0.151330625,0.21299281250000002,0.1463290625,0.667571875,0.66142875,0,0,0,0,6,0,0,0,0,
52,0,past,0,0.0,0.04351875,0.08876354166666668,0.12277395833333334,0.45470895833333336,0.4360635416666666,0,4,0,0,0,0,2,0,0,
52,1,present,0,0.0,0.08351875,0.16876354166666668,0.063725,0.398513125,0.40176979166666665,0,0,2,0,0,2,0,0,2,
52,2,future,0,0.0,0.06351875,0.17876354166666666,0.063725,0.40851312500000003,0.41176979166666666,2,0,0,2,0,0,0,2,0,
52,3,transition,0,0.0,0.17495937499999997,0.120665625,0.10182291666666668,0.334219375,0.3555739583333333,0,0,0,4,0,0,0,2,0,
52,4,resolution,0,0.0,0.040665625,0.14115520833333334,0.043725,0.404219375,0.3674760416666667,4,0,0,0,2,0,0,0,0,
52,5,dissolution,0,0.0,0.18495937499999998,0.18305729166666665,0.16801875,0.2970725000000001,0.299378125,2,0,0,0,4,0,0,0,0,
52,6,crystallization,1,0.25,0.10020867187499999,0.1556796875,0.051010312499999995,0.45380676562500005,0.44149742187499996,2,0,0,0,0,4,0,0,0,
52,7,void,1,0.25,0.16500101562500002,0.15074890625,0.150595,0.4138067656250001,0.401497421875,0,0,0,0,6,0,0,0,0,
53,0,past,1,0.25,0.06069884375000001,0.13667131250000003,0.1369258828125,0.545130028125,0.520499371875,0,3,0,0,0,0,3,0,0,
53,1,present,1,0.25,0.10069884375000002,0.20174053125,0.06826240625,0.480337684375,0.48824163750000005,0,0,1,0,0,2,0,0,3,
53,2,future,1,0.25,0.08069884375000001,0.24160209375,0.05333162500000001,0.46794151250000005,0.47584546562499996,2,0,0,2,0,0,0,2,0,
53,3,transition,1,0.25,0.177887359375,0.18667131249999996,0.08826240625000001,0.40314916874999995,0.4259839031249999,0,0,0,4,0,0,0,2,0,
53,4,resolution,1,0.25,0.03069884375000001,0.16146365625000003,0.04826240625,0.495545340625,0.46344929375,3,0,0,0,2,0,0,1,0,
53,5,dissolution,1,0.25,0.158025796875,0.20653287500000003,0.16305475000000003,0.37075299687499996,0.3835877312499999,1,0,0,0,4,0,0,1,0,
53,6,crystallization,2,0.5,0.10150784375,0.2025015833333333,0.04224575,0.53025624375,0.5193818062500001,2,0,0,0,0,4,0,0,0,
53,7,void,2,0.5,0.15679878125000002,0.2007379375,0.12282762500000002,0.49025624375,0.47938180625000004,0,0,0,0,6,0,0,0,0,
54,0,past,3,0.75,0.07487339062500001,0.169848671875,0.09426650781250001,0.67342228125,0.64740325625,0,3,0,0,0,0,3,0,0,
54,1,present,3,0.75,0.11487339062500002,0.27563820312500004,0.024924359375000003,0.6018432187499999,0.6115259385416667,0,0,3,0,0,2,0,0,1,
54,2,future,3,0.75,0.09487339062500001,0.2684451822916667,0.024924359375000003,0.6247379843749999,0.6344207041666666,2,0,0,2,0,0,0,2,0,
54,3,transition,3,0.75,0.1635576875,0.2542347135416667,0.044924359375,0.5660536875,0.5800346624999999,2,0,0,4,0,0,0,0,0,
54,4,resolution,3,0.75,0.04487339062500001,0.14125216145833333,0.030713890625000007,0.6876327499999999,0.6573154697916668,1,0,0,0,2,0,0,3,0,
54,5,dissolution,3,0.75,0.15636466666666665,0.22704169270833335,0.10931040104166669,0.5560536875,0.5643329177083332,1,0,0,0,4,0,0,1,0,
54,6,crystallization,4,1.0,0.07346899999999999,0.16188468749999999,0.0175033125,0.7313835625,0.71917505,0,0,0,0,0,4,0,2,0,
54,7,void,4,1.0,0.109757125,0.18817281250000004,0.05465018750000001,0.6832395,0.6683163,0,0,0,0,6,0,0,0,0,
55,0,past,3,0.75,0.07155759375000001,0.149953890625,0.09758230468750001,0.676738078125,0.6513822125000001,0,3,0,0,0,0,3,0,0,
55,1,present,3,0.75,0.11155759375000002,0.2385504010416667,0.028240156250000002,0.61805378125,0.6283996604166666,0,0,2,0,0,2,0,0,2,
55,2,future,3,0.75,0.09155759375000001,0.23135738020833335,0.03683666666666667,0.640948546875,0.6512944260416667,1,0,0,2,0,0,0,3,0,
55,3,transition,3,0.75,0.160241890625,0.19995389062500002,0.056836666666666674,0.5822642499999999,0.6012066395833333,0,0,0,4,0,0,0,2,0,
55,4,resolution,3,0.75,0.04155759375000001,0.155743421875,0.01683666666666667,0.665159015625,0.6355048947916666,3,0,0,0,2,0,0,1,0,
55,5,dissolution,3,0.75,0.170241890625,0.22433993229166668,0.10402968750000002,0.5593694843749999,0.56401361875,2,0,0,0,4,0,0,0,0,
55,6,crystallization,4,1.0,0.06051606250000001,0.16017831249999998,0.014168124999999998,0.7253336875,0.7135440125000001,1,0,0,0,0,4,0,1,0,
55,7,void,4,1.0,0.10766293749999999,0.1756076875,0.056744375000000014,0.6853336875,0.670829325,0,0,0,0,6,0,0,0,0,
56,0,past,2,0.5,0.05907003125,0.10312553125000001,0.15178879687500002,0.624395025,0.5989499625,0,3,0,0,0,0,3,0,0,
56,1,present,2,0.5,0.09907003125,0.21841646874999998,0.07532059375,0.53381315,0.5424862645833334,0,0,3,0,0,2,0,0,1,
56,2,future,2,0.5,0.07907003125,0.18136188541666665,0.08708423958333333,0.5791040874999999,0.5877772020833334,1,0,0,2,0,0,0,3,0,
56,3,transition,2,0.5,0.13847914583333332,0.17665282291666667,0.09532059375,0.48852221249999994,0.5089589729166666,1,0,0,4,0,0,0,1,0,
56,4,resolution,2,0.5,0.029070031250000003,0.09488917708333332,0.07884788541666665,0.6114586187500001,0.5801317333333333,2,0,0,0,2,0,0,2,0,
56,5,dissolution,2,0.5,0.1720064375,0.19018011458333334,0.16061153125,0.47852221249999993,0.48307715000000007,2,0,0,0,4,0,0,0,0,
56,6,crystallization,3,0.75,0.08087621875000002,0.10004798437500001,0.08436865104166666,0.6553994593750001,0.6507235583333334,0,0,0,0,0,4,0,2,0,
56,7,void,3,0.75,0.12666575000000002,0.13583751562500002,0.13735120312500002,0.6025046937499998,0.5935305375,0,0,0,0,6,0,0,0,0,
57,0,past,1,0.25,0.06746617187500001,0.14270179687499998,0.163074140625,0.5391228125,0.5511210468750001,0,2,0,0,0,0,4,0,0,
57,1,present,1,0.25,0.12986234375,0.21523640625,0.08321257812499999,0.48926125,0.511397921875,0,0,0,0,0,2,0,0,4,
57,2,future,1,0.25,0.08746617187500001,0.26256335937499997,0.053351015625,0.4544689062499999,0.47660557812500004,2,0,0,2,0,0,0,2,0,
57,3,transition,1,0.25,0.18465468750000003,0.20763257812500002,0.08828179687500001,0.3896765625,0.426744015625,0,0,0,4,0,0,0,2,0,
57,4,resolution,1,0.25,0.03746617187500001,0.152563359375,0.06321257812499999,0.50446890625,0.48660557812500005,2,0,0,0,2,0,0,2,0,
57,5,dissolution,1,0.25,0.1946546875,0.197632578125,0.178004921875,0.37967656250000004,0.40674401562499995,0,0,0,0,4,0,0,2,0,
57,6,crystallization,2,0.5,0.10108125,0.18857911458333332,0.056245781249999995,0.52704515625,0.53067490625,2,0,0,0,0,4,0,0,0,
57,7,void,2,0.5,0.1563721875,0.18681546875,0.13682765625,0.48704515625,0.49067490625,0,0,0,0,6,0,0,0,0,
58,0,past,2,0.5,0.0757071875,0.15488557291666666,0.15573802083333332,0.6163621354166666,0.6161248854166667,0,2,0,0,0,0,4,0,0,
58,1,present,2,0.5,0.1157071875,0.2584128645833333,0.058683437500000005,0.5375439062499999,0.5537793645833333,0,0,2,0,0,2,0,0,2,
58,2,future,2,0.5,0.0957071875,0.2684128645833333,0.058683437500000005,0.5475439062499999,0.5637793645833333,2,0,0,2,0,0,0,2,0,
58,3,transition,2,0.5,0.17864359375,0.2637038020833333,0.07868343750000001,0.47460749999999996,0.49672478124999997,2,0,0,4,0,0,0,0,0,
58,4,resolution,2,0.5,0.06335265625,0.12900375000000003,0.08573802083333333,0.6328348437500001,0.6090703020833333,0,0,0,0,2,0,0,4,0,
58,5,dissolution,2,0.5,0.18864359374999998,0.20664921875,0.16750166666666666,0.4822529687499999,0.5002520729166666,0,0,0,0,4,0,0,2,0,
58,6,crystallization,3,0.75,0.093034140625,0.146469140625,0.07221072916666667,0.6452310156250001,0.6460814427083332,0,0,0,0,0,4,0,2,0,
58,7,void,3,0.75,0.138823671875,0.182258671875,0.12519328125,0.5923362499999999,0.588888421875,0,0,0,0,6,0,0,0,0,
59,0,past,3,0.75,0.08871829687499999,0.12220590625,0.1783248671875,0.6575995312499999,0.646530678125,0,3,0,0,0,0,3,0,0,
59,1,present,3,0.75,0.128718296875,0.19360939583333336,0.11757922916666667,0.61181,0.6364428916666667,0,0,1,0,0,2,0,0,3,
59,2,future,3,0.75,0.108718296875,0.23799543750000002,0.10898271874999998,0.5960204687499999,0.6206533604166666,3,0,0,2,0,0,0,1,0,
59,3,transition,3,0.75,0.1602095729166667,0.18939892708333333,0.12898271874999997,0.5502309375,0.5834603395833333,1,0,0,4,0,0,0,1,0,
59,4,resolution,3,0.75,0.05871829687499999,0.11080241666666667,0.10617573958333333,0.658915234375,0.6435481260416667,2,0,0,0,2,0,0,2,0,
59,5,dissolution,3,0.75,0.18740259375,0.16220590625,0.20196527083333338,0.553125703125,0.5763551052083332,0,0,0,0,4,0,0,2,0,
59,6,crystallization,4,1.0,0.08649949999999999,0.13636662500000002,0.10088300000000001,0.71610375,0.7149091125,2,0,0,0,0,4,0,0,0,
59,7,void,4,1.0,0.12278762500000001,0.14093725000000001,0.14345924999999998,0.67610375,0.6749091125,0,0,0,0,6,0,0,0,0,
60,0,past,1,0.25,0.09626124999999999,0.142275203125,0.1657403515625,0.5182197187500001,0.519723746875,0,3,0,0,0,0,3,0,0,
60,1,present,1,0.25,0.13626125,0.237205984375,0.08214609375,0.431031203125,0.46506984062499995,0,0,2,0,0,2,0,0,2,
60,2,future,1,0.25,0.11626125,0.277067546875,0.08214609375,0.41863503125,0.4526736687499999,3,0,0,2,0,0,0,1,0,
60,3,transition,1,0.25,0.21344976562499995,0.251998328125,0.10214609375,0.35384268750000003,0.39534671562499996,2,0,0,4,0,0,0,0,0,
60,4,resolution,1,0.25,0.06626125,0.10734442187499997,0.1069384375,0.513427375,0.5074660125,1,0,0,0,2,0,0,3,0,
60,5,dissolution,1,0.25,0.22344976562499996,0.182275203125,0.20679999999999998,0.366238859375,0.405208278125,0,0,0,0,4,0,0,2,0,
60,6,crystallization,2,0.5,0.10024098958333334,0.15295207291666665,0.0789328125,0.5164578750000001,0.5353467541666667,1,0,0,0,0,4,0,1,0,
60,7,void,2,0.5,0.17905921875,0.17471571874999997,0.15951468750000003,0.47645787500000003,0.48946493125,0,0,0,0,6,0,0,0,0,
61,0,past,1,0.25,0.077975890625,0.17933068749999995,0.14577770312500002,0.5387737812500001,0.5469055249999999,0,2,0,0,0,0,4,0,0,
61,1,present,1,0.25,0.117975890625,0.25933068749999993,0.050985359375000004,0.4665160468749999,0.48478622812500005,0,0,1,0,0,2,0,0,3,
61,2,future,1,0.25,0.097975890625,0.29919224999999994,0.036054578125,0.454119875,0.47239005625,2,0,0,2,0,0,0,2,0,
61,3,transition,1,0.25,0.16530284374999998,0.27412303125,0.056054578125000004,0.366931359375,0.400132321875,1,0,0,4,0,0,0,1,0,
61,4,resolution,1,0.25,0.047975890625,0.15933068749999996,0.060846921875,0.526516046875,0.5047862281250001,1,0,0,0,2,0,0,3,0,
61,5,dissolution,1,0.25,0.20516440625,0.23426146875,0.16070848437500002,0.37932753124999996,0.40252849374999994,0,0,0,0,4,0,0,2,0,
61,6,crystallization,2,0.5,0.09159277083333332,0.22434835416666665,0.028633531250000004,0.5193664687499999,0.5225411854166666,1,0,0,0,0,4,0,1,0,
61,7,void,2,0.5,0.170411,0.246112,0.10921540625000001,0.47936646874999994,0.47665936249999996,0,0,0,0,6,0,0,0,0,
62,0,past,2,0.5,0.08024459375,0.12547645833333332,0.12817747916666666,0.5837936416666667,0.5736077083333333,0,4,0,0,0,0,2,0,0,
62,1,present,2,0.5,0.12024459374999999,0.22900375,0.07229565625,0.5226208812500001,0.5406713020833334,0,0,3,0,0,2,0,0,1,
62,2,future,2,0.5,0.10024459375,0.21547645833333331,0.07229565625,0.55026635,0.5683167708333334,2,0,0,2,0,0,0,2,0,
62,3,transition,2,0.5,0.1596537083333333,0.18724010416666664,0.09229565625000001,0.47732994374999993,0.5071440104166667,1,0,0,4,0,0,0,1,0,
62,4,resolution,2,0.5,0.05024459375,0.12900375000000003,0.06405930208333332,0.5826208812500001,0.5606713020833334,3,0,0,0,2,0,0,1,0,
62,5,dissolution,2,0.5,0.193181,0.20076739583333333,0.15758659375,0.4673299437499999,0.48126218750000005,2,0,0,0,4,0,0,0,0,
62,6,crystallization,3,0.75,0.07915691666666666,0.12497786458333336,0.07356160937499999,0.6343257281249999,0.6365024739583334,1,0,0,0,0,4,0,1,0,
62,7,void,3,0.75,0.14213946875,0.143574375,0.135140671875,0.5943257281249998,0.59220421875,0,0,0,0,6,0,0,0,0,
63,0,past,2,0.5,0.095795875,0.16242206250000002,0.146863578125,0.584652,0.5731371625,0,3,0,0,0,0,3,0,0,
63,1,present,2,0.5,0.135795875,0.25418570833333337,0.07039537500000001,0.51171559375,0.5343189333333334,0,0,2,0,0,2,0,0,2,
63,2,future,2,0.5,0.115795875,0.2641857083333333,0.07039537500000001,0.52171559375,0.5443189333333334,2,0,0,2,0,0,0,2,0,
63,3,transition,2,0.5,0.1752049895833333,0.23594935416666662,0.09039537500000001,0.44877918749999995,0.48314617291666667,1,0,0,4,0,0,0,1,0,
63,4,resolution,2,0.5,0.065795875,0.15418570833333337,0.07392266666666666,0.57171559375,0.5543189333333334,2,0,0,0,2,0,0,2,0,
63,5,dissolution,2,0.5,0.1852049895833333,0.22594935416666664,0.16744995833333332,0.4387791875,0.46314617291666665,1,0,0,0,4,0,0,1,0,
63,6,crystallization,3,0.75,0.09783008854166667,0.19920517708333332,0.0544230625,0.6040647187500001,0.6053921552083333,1,0,0,0,0,4,0,1,0,
63,7,void,3,0.75,0.16081264062500003,0.21780168749999998,0.11600212500000001,0.5640647187500001,0.5610938999999999,0,0,0,0,6,0,0,0,0,
64,0,past,3,0.75,0.08871829687499999,0.11336378125,0.1783248671875,0.66202059375,0.6509517406249999,0,3,0,0,0,0,3,0,0,
64,1,present,3,0.75,0.128718296875,0.20196029166666665,0.10898271874999998,0.6033362968749999,0.6279691885416667,0,0,2,0,0,2,0,0,2,
64,2,future,3,0.75,0.108718296875,0.21196029166666663,0.10898271874999998,0.6133362968749999,0.6379691885416667,2,0,0,2,0,0,0,2,0,
64,3,transition,3,0.75,0.1602095729166667,0.18055680208333336,0.12898271874999997,0.5546519999999999,0.5878814020833333,1,0,0,4,0,0,0,1,0,
64,4,resolution,3,0.75,0.05871829687499999,0.10196029166666665,0.10617573958333333,0.663336296875,0.6479691885416667,2,0,0,0,2,0,0,2,0,
64,5,dissolution,3,0.75,0.1702095729166667,0.17055680208333338,0.19336876041666667,0.5446519999999999,0.5678814020833333,1,0,0,0,4,0,0,1,0,
64,6,crystallization,4,1.0,0.07564075,0.11992337500000001,0.10088300000000001,0.7188960000000001,0.7204160500000001,1,0,0,0,0,4,0,1,0,
64,7,void,4,1.0,0.12278762500000001,0.13535275000000002,0.14345924999999998,0.678896,0.6777013624999999,0,0,0,0,6,0,0,0,0,
